ID,Author Surname,ISO code,Dialect,Glottocode,Form (original orthography),Orthography Key Code,Form (project orthography),UR (if given; if different),UR (project orthography),PA form (original orthography),PA form (project orthography),Translation,Tags,Component Type,Subcategory,Initial: Reduplicated,Final: concrete / abstract,Final: secondary (y/n/b),Base Category (if secondary)-A,Match AI,Match II,Match TA,Match TI,Allomorph-A,Condition-A,Allomorph-B,Condition-B,Component occurs in stem (orig. orth)-A,Component occurs in stem (proj. orth)-A,Stem UR-A,Stem category-A,Stem subcategory-A,Stem translation-A,Secondary stem-A,Stem Source-A,Component occurs in stem (orig. orth)-B,Component occurs in stem (proj. orth)-B,Stem UR-B,Stem category-B,Stem subcategory-B,Stem translation-B,Secondary stem-B,Stem Source-B,Component occurs in stem (orig. orth)-C,Component occurs in stem (proj. orth)-C,Stem UR-C,Stem category-C,Stem subcategory-C,Stem translation-C,Secondary stem-C,Stem Source-C,Component occurs in stem (orig. orth)-D,Component occurs in stem (proj. orth)-D,Stem UR-D,Stem category-D,Stem subcategory-D,Stem translation-D,Secondary stem-D,Stem Source-D,Formative/component occurs in what component(s)-A,Contains component (enter)-A,Contains formative (enter)-A,Deverbal (y/n),Deverbal from,Comments,Speaker,1st check done,2nd check done
1,Baraby et al,moe,,mont1268,apishi-,C-I:Standard,,,,,,small,small,initial,,,,,,,,,,,,,,apishi-tun-e-,,,V,AI,have a small mouth,,AMB_ET_AL2002;0002,,,,,,,,,,,,,,,,,,,,,,,,,,,,,,Called a root in the source, ,GVM,MAM
2,Baraby et al,moe,,mont1268,-tun- ,C-I:Standard,,,,,,mouth,,medial,INCORP,,,,,,,,,,,,,apishi-tun-e-,,,V,AI,have a small mouth,,AMB_ET_AL2002;0002,,,,,,,,,,,,,,,,,,,,,,,,,,,,,,"Often translated by ""lips"" (lévres) in French", ,GVM,MAM
3,Baraby et al,moe,,mont1268,-e ,C-I:Standard,,,,,,NG,,final,,,,,,,,,,,,,,apishi-tun-e-,,,V,AI,have a small mouth,,AMB_ET_AL2002;0002,mamitsh-ashku-puam-e-,,,V,AI,have big thighs,,AMB_ET_AL2002;0002,kanu-ashku-titsh-e-,,,V,AI,have big hands,,AMB_ET_AL2002;0003,,,,,,,,,,,,,,, ,GVM,MAM
4,Baraby et al,moe,,mont1268,mamitsh-,C-I:Standard,,,,,,big,big,initial,,,,,,,,,,,,,,mamitsh-ashku-puam-e-,,,V,AI,have big thighs,,AMB_ET_AL2002;0002,,,,,,,,,,,,,,,,,,,,,,,,,,,,,,Called a root in the source; double medial, ,GVM,MAM
6,Baraby et al,moe,,mont1268,-puam- ,C-I:Standard,,,,,,thigh,,medial,INCORP,,,,,,,,,,,,,mamitsh-ashku-puam-e-,,,V,AI,have big thighs,,AMB_ET_AL2002;0002,,,,,,,,,,,,,,,,,,,,,,,,,,,,,,Double medial in example, ,GVM,MAM
7,Baraby et al,moe,,mont1268,kanu-,C-I:Standard,,,,,,NG,,initial,,,,,,,,,,,,,,kanu-ashku-titsh-e-,,,V,AI,have big hands,,AMB_ET_AL2002;0003,kanu-apetsh-ishit-e-,,,V,AI,have long feet,,AMB_ET_AL2002;0003,,,,,,,,,,,,,,,,,,,,,,Double medial in example,,,MAM
8,Baraby et al,moe,,mont1268,-titsh- ,C-I:Standard,,,,,,hand,,medial,INCORP,,,,,,,,,,,,,kanu-ashku-titsh-e-,,,V,AI,have big hands,,AMB_ET_AL2002;0003,,,,,,,,,,,,,,,,,,,,,,,,,,,,,,Double medial in example, ,GVM,MAM
9,Baraby et al,moe,,mont1268,uishau-,C-I:Standard,,,,,,yellow,yellow,initial,,,,,,,,,,,,,,uishau-ashku-apit-e-,,,V,AI,have yellow teeth,,AMB_ET_AL2002;0003,,,,,,,,,,,,,,,,,,,,,,,,,,,,,,,,,MAM
10,Baraby et al,moe,,mont1269,-apit-,C-I:Standard,,,,,,tooth,,medial,INCORP,,,,,,,,,,,,,uishau-ashku-apit-e-,,,V,AI,have yellow teeth,,AMB_ET_AL2002;0003,,,,,,,,,,,,,,,,,,,,,,,,,,,,,,,,GVM,MAM
11,Baraby et al,moe,,mont1268,-ishit- ,C-I:Standard,,,,,,foot,,medial,INCORP,,,,,,,,,,,,,kanu-apetsh-ishit-e-,,,V,AI,have long feet,,AMB_ET_AL2002;0003,,,,,,,,,,,,,,,,,,,,,,,,,,,,,,, ,GVM,MAM
13,Baraby et al,moe,,mont1268,-pishkueun- ,C-I:Standard,,,,,,hair,,medial,INCORP,,,,,,,,,,,,,,,,,,,,,,,,,,,,,,,,,,,,,,,,,,,,,,,,,,, ,GVM,MAM
14,Baraby et al,moe,,mont1268,-shtikuan- ,C-I:Standard,,,,,,head,,medial,INCORP,,,,,,,,,,,,,,,,,,,,,,,,,,,,,,,,,,,,,,,,,,,,,,,,,,, ,GVM,MAM
15,Baraby et al,moe,,mont1268,-pitun- ,C-I:Standard,,,,,,arm,,medial,INCORP,,,,,,,,,,,,,,,,,,,,,,,,,,,,,,,,,,,,,,,,,,,,,,,,,,, ,GVM,MAM
16,Baraby et al,moe,,mont1268,-kash- ,C-I:Standard,,,,,,nail,,medial,INCORP,,,,,,,,,,,,,,,,,,,,,,,,,,,,,,,,,,,,,,,,,,,,,,,,,,nail' as in fingernail, ,GVM,MAM
17,Baraby et al,moe,"Western: Betsiamites, Uashat (Sept-Iles)/Maliotenam and Schefferville (Matimekosh)",mont1268,-ssun- ,C-I:Standard,,,,,,nose,,medial,INCORP,,,,,,,,,,,,,,,,,,,,,,,,,,,,,,,,,,,,,,,,,,,,,,,,,,, ,GVM,MAM
18,Baraby et al,moe,"Eastern: Lower North Shore communities (Mingan, Natashquan, La Romaine and St-Augustin) and Sheshatshiu (Labrador)",mont1268,-kut- ,C-I:Standard,,,,,,nose,,medial,INCORP,,,,,,,,,,,,,,,,,,,,,,,,,,,,,,,,,,,,,,,,,,,,,,,,,,, ,GVM,MAM
19,Baraby et al,moe,,mont1268,-shkatiku- ,C-I:Standard,,,,,,forehead,,medial,INCORP,,,,,,,,,,,,,,,,,,,,,,,,,,,,,,,,,,,,,,,,,,,,,,,,,,, ,GVM,MAM
21,Baraby et al,moe,,mont1268,-tutsh- ,C-I:Standard,,,,,,ear,,medial,INCORP,,,,,,,,,,,,,,,,,,,,,,,,,,,,,,,,,,,,,,,,,,,,,,,,,,, ,GVM,MAM
22,Baraby et al,moe,,mont1268,-apissikan- ,C-I:Standard,,,,,,chin,,medial,INCORP,,,,,,,,,,,,,,,,,,,,,,,,,,,,,,,,,,,,,,,,,,,,,,,,,,, ,GVM,MAM
23,Baraby et al,moe,,mont1268,-ap- ,C-I:Standard,,,,,,eye,,medial,INCORP,,,,,,,,,,,,,,,,,,,,,,,,,,,,,,,,,,,,,,,,,,,,,,,,,,Productive; not derived from noun; suppletive, ,GVM,MAM
24,Baraby et al,moe,,mont1268,-kuei- ,C-I:Standard,,,,,,neck,,medial,INCORP,,,,,,,,,,,,,,,,,,,,,,,,,,,,,,,,,,,,,,,,,,,,,,,,,,, ,GVM,MAM
25,Baraby et al,moe,,mont1268,-titiman- ,C-I:Standard,,,,,,shoulder,,medial,INCORP,,,,,,,,,,,,,,,,,,,,,,,,,,,,,,,,,,,,,,,,,,,,,,,,,,, ,GVM,MAM
27,Baraby et al,moe,,mont1268,-tushkun-  ,C-I:Standard,,,,,,elbow,,medial,INCORP,,,,,,,,,,,,,,,,,,,,,,,,,,,,,,,,,,,,,,,,,,,,,,,,,,, ,GVM,MAM
28,Baraby et al,moe,,mont1268,-shkassikan- ,C-I:Standard,,,,,,chest,,medial,INCORP,,,,,,,,,,,,,,,,,,,,,,,,,,,,,,,,,,,,,,,,,,,,,,,,,,, ,GVM,MAM
29,Baraby et al,moe,,mont1268,-shkatai- ,C-I:Standard,,,,,,belly,,medial,INCORP,,,,,,,,,,,,,,,,,,,,,,,,,,,,,,,,,,,,,,,,,,,,,,,,,,, ,GVM,MAM
30,Baraby et al,moe,,mont1268,-tukan- ,C-I:Standard,,,,,,hip,,medial,INCORP,,,,,,,,,,,,,,,,,,,,,,,,,,,,,,,,,,,,,,,,,,,,,,,,,,"From Drapeau 1990: utukan 'tête, col de fémur'", ,GVM,MAM
31,Baraby et al,moe,"Western: Betsiamites, Uashat (Sept-Iles)/Maliotenam and Schefferville (Matimekosh)",mont1268,-tishi- ,C-I:Standard,,,,,,navel,,medial,INCORP,,,,,,,,,,,,,,,,,,,,,,,,,,,,,,,,,,,,,,,,,,,,,,,,,,, ,GVM,MAM
32,Baraby et al,moe,"Eastern: Lower North Shore communities (Mingan, Natashquan, La Romaine and St-Augustin) and Sheshatshiu (Labrador)",mont1268,-tishiap- ,C-I:Standard,,,,,,navel,,medial,INCORP,,,,,,,,,,,,,,,,,,,,,,,,,,,,,,,,,,,,,,,,,,,,,,,,,,, ,GVM,MAM
33,Baraby et al,moe,,mont1268,-tshikun- ,C-I:Standard,,,,,,knee,,medial,INCORP,,,,,,,,,,,,,,,,,,,,,,,,,,,,,,,,,,,,,,,,,,,,,,,,,,, ,GVM,MAM
34,Baraby et al,moe,,mont1268,-kat- ,C-I:Standard,,,,,,leg,,medial,INCORP,,,,,,,,,,,,,,,,,,,,,,,,,,,,,,,,,,,,,,,,,,,,,,,,,,, ,GVM,MAM
35,Baraby et al,moe,,mont1268,-shit- ,C-I:Standard,,,,,,foot,,medial,INCORP,,,,,,,,,,,,,,,,,,,,,,,,,,,,,,,,,,,,,,,,,,,,,,,,,,, ,GVM,MAM
36,Baraby et al,moe,,mont1268,-tutan-,C-I:Standard,,,,,,heel,,medial,INCORP,,,,,,,,,,,,,,,,,,,,,,,,,,,,,,,,,,,,,,,,,,,,,,,,,,, ,GVM,MAM
37,Baraby et al,moe,,mont1268,-tashtan-,C-I:Standard,,,,,,calf,,medial,INCORP,,,,,,,,,,,,,,,,,,,,,,,,,,,,,,,,,,,,,,,,,,,,,,,,,,, ,GVM,MAM
38,Baraby et al,moe,,mont1268,-shikakun- ,C-I:Standard,,,,,,back of the knee,,medial,INCORP,,,,,,,,,,,,,,,,,,,,,,,,,,,,,,,,,,,,,,,,,,,,,,,,,,, ,GVM,MAM
39,Baraby et al,moe,,mont1268,-shukun- ,C-I:Standard,,,,,,hip,,medial,INCORP,,,,,,,,,,,,,,,,,,,,,,,,,,,,,,,,,,,,,,,,,,,,,,,,,,, ,GVM,MAM
40,Baraby et al,moe,,mont1268,-pishkun- ,C-I:Standard,,,,,,back,,medial,INCORP,,,,,,,,,,,,,,,,,,,,,,,,,,,,,,,,,,,,,,,,,,,,,,,,,,, ,GVM,MAM
41,Baraby et al,moe,,mont1268,-tikuai-,C-I:Standard,,,,,,armpit,,medial,INCORP,,,,,,,,,,,,,,,,,,,,,,,,,,,,,,,,,,,,,,,,,,,,,,,,,,, ,GVM,MAM
42,Lambert-Bretiere,moe,,mont1268,mashku,C-I:Revised,,,,,,hard,hard,initial,,,,,,,,,,,,,,mashku-shtikuan-e, ,,V,AI,to be hardheaded,,RLB2020;0102,mashku-e,,,,AI,to be hard,,RLB2020;0102,mashkhu-shtikuan-e-i,,,V,TA,to make someone stubborn,,RLB2020;0103,,,,,,,,,,,,,,, 
43,Lambert-Bretiere,moe,,mont1268,-shtikuan,C-I:Revised,,,,,,head,,medial,,,,,,,,,,,,,,mashku-shtikuan-e, ,,V,AI,to be hardheaded,,RLB2020;0102,mashkhu-shtikuan-e-i,,,,TA,to make someone stubborn,,RLB2020;0103,,,,,,,,,,,,,,,,,,,,,,, 
44,Lambert-Bretiere,moe,,mont1268,-e ,C-I:Revised,,,,,,NG,,final,AI,,,,,,,,,,,,,mashku-shtikuan-e , ,,V,AI,to be hardheaded,,RLB2020;0102,mashku-e,,,,AI,to be hard,,RLB2020;0102,mashkhu-shtikuan-e-i,,,V,TA,to make someone stubborn,,RLB2020;0103,nutsh-atshakashu-e,,,V,AI,to hunt mink,RLB2020;0107,,,,,,,, 
45,Lambert-Bretiere,moe,,mont1268,-i,C-I:Revised,,,,,,causative,,final,TA,,,Y,AI,,,,,,,,,mashkhu-shtikuan-e-i,,,V,TA,to make someone stubborn,,RLB2020;0103,,,,,,,,,,,,,,,,,,,,,,,,,,,,,,"L-B lists as ""radical""", 
46,Lambert-Bretiere,moe,,mont1268,nip,C-I:Revised,,,,,,die,die,initial,,,,,,,,,,,,,,nip-i,,,V,AI,to be dead,,RLB2020;0103,,,,,,,,,,,,,,,,,,,,,,,,,,,,,,, 
47,Lambert-Bretiere,moe,,mont1268,-i,C-I:Revised,,,,,,NG,,final,AI,,,,,,,,,,,,,nip-i,,,V,AI,to be dead,,RLB2020;0103,itash-i,,,V,AI,"to be so many, to be numerous",,RLB2020;0103,,,,,,,,,,,,,,,,,,,,,,, 
48,Lambert-Bretiere,moe,,mont1268,ut,C-I:Revised,,,,,,take,take,initial,,,,,,,,,,,,,,ut-in,,,V,TA,to take something (animate),,RLB2020;0103,,,,,,,,,,,,,,,,,,,,,,,,,,,,,,, 
49,Lambert-Bretiere,moe,,mont1268,-in,C-I:Revised,,,,,,NG,,final,TA,,,,,,,,,,,,,ut-in,,,V,TA,to take something (animate),,RLB2020;0103,,,,,,,,,,,,,,,,,,,,,,,,,,,,,,, 
50,Lambert-Bretiere,moe,,mont1268,pita,C-I:Revised,,,,,,thin,thin,initial,,,,,,,,,,,,,,pita-u,,,V,TA,to thin something (animate),,RLB2020;0103,,,,,,,,,,,,,,,,,,,,,,,,,,,,,,, 
51,Lambert-Bretiere,moe,,mont1268,-u,C-I:Revised,,,,,,NG,,final,TA,,,,,,,,,,,,,pita-u,,,V,TA,to thin something (animate),,RLB2020;0103,,,,,,,,,,,,,,,,,,,,,,,,,,,,,,, 
52,Lambert-Bretiere,moe,,mont1268,itash,C-I:Revised,,,,,,numerous,numerous,initial,,,,,,,,,,,,,,itash-i,,,V,AI,"to be so many, to be numerous",,RLB2020;0103,,,,,,,,,,,,,,,,,,,,,,,,,,,,,,, 
53,Lambert-Bretiere,moe,,mont1268,nimitauessetshi,C-I:Revised,,,,,,toward middle marsh,,initial,,,,,,,,,,,,,,,,,,,,,,,,,,,,,,,,,,,,,,,,,,,,,,,,,Y,,L-B treats as adv, 
54,Lambert-Bretiere,moe,,mont1268,-pata,C-I:Revised,,,,,,running,,final,AI,,,,,,,,,,,,,,,,,,,,,,,,,,,,,,,,,,,,,,,,,,,,,,,,,,, 
55,Lambert-Bretiere,moe,,mont1268,-u,C-I:Revised,,,,,,be,,final,AI,,,Y,N,,-u,,,,,,,auass-u,,,V,AI,to be young,,RLB2020;0104,,,,,,,,,,,,,,,,,,,,,,,,,,,,,,, 
56,Lambert-Bretiere,moe,,mont1268,-i,C-I:Revised,,,,,,NG,,final,TA,,,,,,,,,,,,,nipa-i,,,V,TA,to kill,,RLB2020;0104,nipa-i-ue,,,V,II,to kill,,RLB2020;0104,,,,,,,,,,,,,,,,,,,,,,, 
57,Lambert-Bretiere,moe,,mont1268,-ue,C-I:Revised,,,,,,antip.,,final,II,,,Y,TA,-ue,,,,,,,,nipa-i-ue,,,V,II,to kill,,RLB2020;0104,,,,,,,,,,,,,,,,,,,,,,,,,,,,,,, 
58,Lambert-Bretiere,moe,,mont1268,-ue,C-I:Revised,,,,,,antip.,,final,AI,,,Y,TA,,-ue,,,,,,,nipa-i-ue,,,V,II,to kill,,RLB2020;0104,,,,,,,,,,,,,,,,,,,,,,,,,,,,,,, 
59,Lambert-Bretiere,moe,,mont1268,-u,C-I:Revised,,,,,,be,,final,II,,,Y,N,-u,,,,,,,,kun-u,,,V,II,to be snow,,RLB2020;0104,,,,,,,,,,,,,,,,,,,,,,,,,,,,,,, 
60,Lambert-Bretiere,moe,,mont1268,-shi,C-I:Revised,,,,,,diminutive,,final,II,,,Y,II,-sh,,,,,,,,,,,,,,,,,,,,,,,,,,,,,,,,,,,,,,,,,,,,,, 
61,Lambert-Bretiere,moe,,mont1268,atuss,C-I:Revised,,,,,,NG,,initial,,,,,,,,,,,,,,,,,,,,,,,,,,,,,,,,,,,,,,,,,,,,,,,,,,,"used in ""'he works' [process]""", 
62,Lambert-Bretiere,moe,,mont1268,takushi,C-I:Revised,,,,,,NG,,initial,,,,,,,,,,,,,,,,,,,,,,,,,,,,,,,,,,,,,,,,,,,,,,,,,,,"used in ""'he arrives' [event]""", 
63,Lambert-Bretiere,moe,,mont1268,nip,C-I:Revised,,,,,,NG,,initial,,,,,,,,,,,,,,,,,,,,,,,,,,,,,,,,,,,,,,,,,,,,,,,,,,,"used in ""'he dreams [state]'""", 
64,Lambert-Bretiere,moe,,mont1268,-e ,C-I:Revised,,,,,,NG,,final,,,ABSTR,,,,,,,,,,,,,,,,,,,,,,,,,,,,,,,,,,,,,,,,,,,,,,,,, 
65,Lambert-Bretiere,moe,,mont1268,-n,C-I:Revised,,,,,,NG,,final,,,ABSTR,,,,,,,,,,,,,,,,,,,,,,,,,,,,,,,,,,,,,,,,,,,,,,,,, 
66,Lambert-Bretiere,moe,,mont1268,-a,C-I:Revised,,,,,,NG,,final,,,ABSTR,,,,,,,,,,,,,,,,,,,,,,,,,,,,,,,,,,,,,,,,,,,,,,,,, 
67,Lambert-Bretiere,moe,,mont1268,apa,C-I:Revised,,,,,,melt,melt,initial,,,,,,,,,,,,,,apa-shu,,,V,AI,he melts,,RLB2020;0105,,apa-te,,V,II,it melts,,RLB2020;0105,,,,,,,,,,,,,,,,,,,,,,, 
68,Lambert-Bretiere,moe,,mont1268,-shu,C-I:Revised,,,,,,by heat,,final,AI,,CONCR,,,,-te,,,,,,,apa-shu ,,,V,AI,he melts,,RLB2020;0105,,,,,,,,,,,,,,,,,,,,,,,,,,,,,,, 
69,Lambert-Bretiere,moe,,mont1268,-te,C-I:Revised,,,,,,by heat,,final,II,,CONCR,,,-shu,,,,,,,,apa-te ,,,V,II,it melts,,RLB2020;0105,,,,,,,,,,,,,,,,,,,,,,,,,,,,,,, 
70,Lambert-Bretiere,moe,,mont1268,uishtimu,C-I:Revised,,,,,,dog,dog,initial,,,,,,,,,,,,,,uishtimu-kan ,,,V,II,it smells like a dog,,RLB2020;0105,,,,,,,,,,,,,,,,,,,,,,,,,,,,,,, 
71,Lambert-Bretiere,moe,,mont1268,-kan,C-I:Revised,,,,,,smell like,,final,II,,CONCR,,,,,,,,,,,uishtimu-kan ,,,V,II,it smells like a dog,,RLB2020;0105,,,,,,,,,,,,,,,,,,,,,,,,,,,,,,, 
72,Lambert-Bretiere,moe,,mont1268,kuishku,C-I:Revised,,,,,,straight,straight,initial,,,,,,,,,,,,,,kuishku-kute,,,V,AI,he is suspended straight,,RLB2020;0105,,,,,,,,,,,,,,,,,,,,,,,,,,,,,,, 
73,Lambert-Bretiere,moe,,mont1268,-kute,C-I:Revised,,,,,,suspended,,final,AI,,CONCR,,,,,,,,,,,kuishku-kute,,,V,AI,he is suspended straight,,RLB2020;0105,,,,,,,,,,,,,,,,,,,,,,,,,,,,,,, 
74,Lambert-Bretiere,moe,,mont1268,ashtue,C-I:Revised,,,,,,extinguish,extinguish,initial,,,,,,,,,,,,,,ashtue-shk,,,V,TI,to extinguish with feet,,RLB2020;0105,,,,,,,,,,,,,,,,,,,,,,,,,,,,,,, 
75,Lambert-Bretiere,moe,,mont1268,-shk,C-I:Revised,,,,,,with feet,,final,TI,,CONCR,,,,,,,,,,,ashtue-shk,,,V,TI,to extinguish with feet,,RLB2020;0105,,,,,,,,,,,,,,,,,,,,,,,,,,,,,,, 
76,Lambert-Bretiere,moe,,mont1268,shakutsh,C-I:Revised,,,,,,split,split,initial,,,,,,,,,,,,,,shakutsh-ikau,,,V,TA,to split with an ax,,RLB2020;0105,,,,,,,,,,,,,,,,,,,,,,,,,,,,,,, 
77,Lambert-Bretiere,moe,,mont1268,-ikau,C-I:Revised,,,,,,with ax,,final,TA,,CONCR,,,,,,,,,,,shakutsh-ikau,,,V,TA,to split with an ax,,RLB2020;0105,,,,,,,,,,,,,,,,,,,,,,,,,,,,,,, 
78,Lambert-Bretiere,moe,,mont1268,nipa,C-I:Revised,,,,,,by night,,initial,,,,,,,,,,,,,,nipa-pic-i,,,V,AI,to travel by night dragging a sleigh,,RLB2020;0105,,,,,,,,,,,,,,,,,,,,,,,,,,,,,,, 
79,Lambert-Bretiere,moe,,mont1268,-pic,C-I:Revised,,,,,,dragging a sleigh; en traînant un toboggan,,final,,,CONCR,,,,,,,,,,,nipa-pic-i,,,V,AI,to travel by night dragging a sleigh,,RLB2020;0105,,,,,,,,,,,,,,,,,,,,,,,,,,,,,,, 
80,Lambert-Bretiere,moe,,mont1268,-i,C-I:Revised,,,,,,NG,,final,AI,,ABSTR,,,,,,,,,,,nipa-pic-i,,,V,AI,to travel by night dragging a sleigh,,RLB2020;0105,,,,,,,,,,,,,,,,,,,,,,,,,,,,,,, 
81,Lambert-Bretiere,moe,,mont1268,akun,C-I:Revised,,,,,,cover; couvrir,,initial,,,,,,,,,,,,,,akun-u,,,V,TA,to cover with instrument,,RLB2020;0106,,,,,,,,,,,,,,,,,,,,,,,,,,,,,,, 
82,Lambert-Bretiere,moe,,mont1268,-u,C-I:Revised,,,,,,with instrument,,final,TA,,,,,,,,-ai,,,,,akun-u,,,V,TA,to cover with instrument,,RLB2020;0106,,,,,,,,,,,,,,,,,,,,,,,,,,,,,,"L-B treats final as portmanteau concrete+abstract""", 
83,Lambert-Bretiere,moe,,mont1268,minueńit,C-I:Revised,,,,,,like,like,initial,,,,,,,,,,,,,,minueńit-a,,,V,TI,to like,,RLB2020;0106,,,,,,,,,,,,,,,,,,,,,,,,,,,,,,, 
84,Lambert-Bretiere,moe,,mont1268,-a,C-I:Revised,,,,,,NG,,final,TI,,,,,,,,,,,,,minueńit-a,,,V,TI,to like,,RLB2020;0106,,,,,,,,,,,,,,,,,,,,,,,,,,,,,,, 
85,Lambert-Bretiere,moe,,mont1268,-sh,C-I:Revised,,,,,,diminutive,,final,AI,,,Y,TI,,-shi,,,,,,,,,,,,,,,,,,,,,,,,,,,,,,,,,,,,,,,,,,,,, 
86,Lambert-Bretiere,moe,,mont1268,-amesh-,C-I:Revised,,,,,,fish,,medial,,,,,,,,,,,,,,,,,,,,,,,,,,,,,,,,,,,,,,,,,,,,,,,,,,,, 
87,Lambert-Bretiere,moe,,mont1268,-mesh-,C-I:Revised,,,,,,fish,,medial,,,,,,,,,,,,,,,,,,,,,,,,,,,,,,,,,,,,,,,,,,,,,,,,,,,, 
88,Lambert-Bretiere,moe,,mont1268,-pimiu-,C-I:Revised,,,,,,grease,,medial,,,,,,,,,,,,,,,,,,,,,,,,,,,,,,,,,,,,,,,,,,,,,,,,,,,, 
89,Lambert-Bretiere,moe,,mont1268,-pim-,C-I:Revised,,,,,,grease,,medial,,,,,,,,,,,,,,,,,,,,,,,,,,,,,,,,,,,,,,,,,,,,,,,,,,,, 
90,Lambert-Bretiere,moe,,mont1268,tshinu,C-I:Revised,,,,,,long,long,initial,,,,,,,,,,,,,,tshinu-apek-an,,,V,II,to be stringlike-long,,RLB2020;0107,,,,,,,,,,,,,,,,,,,,,,,,,,,,,,, 
91,Lambert-Bretiere,moe,,mont1268,-apek,C-I:Revised,,,,,,stringlike; threadlike,,medial,CLASS,,,,,,,,,,,,,tshinu-apek-an,,,V,II,to be stringlike-long,,RLB2020;0107,kanu-apetsh-ishit-e-,,,V,AI,have long feet,,AMB_ET_AL2002;0003,,,,,,,,,,,,,,,,,,,,,,, 
92,Lambert-Bretiere,moe,,mont1268,-an,C-I:Revised,,,,,,NG,,final,II,,,,,,,,,,,,,tshinu-apek-an,,,V,II,to be stringlike-long,,RLB2020;0107,,,,,,,,,,,,,,,,,,,,,,,,,,,,,,, 
93,Lambert-Bretiere,moe,,mont1268,mitshim,C-I:Revised,,,,,,hold,hold,initial,,,,,,,,,,,,,,mitshim-apishk-ai,,,V,TI,to hold in place with a mineral object,,RLB2020;0107,,,,,,,,,,,,,,,,,,,,,,,,,,,,,,, 
94,Lambert-Bretiere,moe,,mont1268,-apishk,C-I:Revised,,,,,,mineral,,medial,CLASS,,,,,,,,,,,,,mitshim-apishk-ai,,,V,TI,to hold in place with a mineral object,,RLB2020;0107,,,,,,,,,,,,,,,,,,,,,,,,,,,,,,, 
95,Lambert-Bretiere,moe,,mont1268,-ai,C-I:Revised,,,,,,with instrument,,final,TI,,,,,,,-u,,,,,,mitshim-apishk-ai,,,V,TI,to hold in place with a mineral object,,RLB2020;0107,,,,,,,,,,,,,,,,,,,,,,,,,,,,,,, 
96,Lambert-Bretiere,moe,,mont1268,natuai,C-I:Revised,,,,,,split,split,initial,,,,,,,,,,,,,,natuai-ashku-tita,,,V,AI,to split something long and rigid by movement,,RLB2020;0107,,,,,,,,,,,,,,,,,,,,,,,,,,,,,,, 
97,Lambert-Bretiere,moe,,mont1268,-ashku,C-I:Revised,,,,,,"long rigid; something long, round, wooden, solid",,medial,CLASS,,,,,,,,,,,,,natuai-ashku-tita,,,V,AI,to split something long and rigid by movement,,RLB2020;0107,mamitsh-ashku-puam-e-,,,V,AI,have big thighs,,AMB_ET_AL2002;0002,kanu-ashku-titsh-e-,,,V,AI,have big hands,,AMB_ET_AL2002;0003,uishau-ashku-apit-e-,,,V,AI,have yellow teeth,,AMB_ET_AL2002;0003,,,,,,"p. 108, ex (37): first of two medials", 
98,Lambert-Bretiere,moe,,mont1268,-tita,C-I:Revised,,,,,,by movement,,final,AI,,,,,,,,,,,,,natuai-ashku-tita,,,V,AI,to split something long and rigid by movement,,RLB2020;0107,,,,,,,,,,,,,,,,,,,,,,,,,,,,,,"marked as AIT; in [[natuai-ashku-tita]-pan] ushtashk, ""he has split the handle of his ax""; in abbreviations footnote she says: AIT: animate intransitive-transitive inanimate", 
99,Lambert-Bretiere,moe,,mont1268,mish,C-I:Revised,,,,,,big,big,initial,,,,,,,,,,,,,,mish-ipe-a,,,V,II,to be a high level of liquid,,RLB2020;0107,,,,,,,,,,,,,,,,,,,,,,,,,,,,,,, 
100,Lambert-Bretiere,moe,,mont1268,-ipe,C-I:Revised,,,,,,flowing liquid,,medial,CLASS,,,,,,,,,,,,,mish-ipe-a,,,V,II,to be a high level of liquid,,RLB2020;0107,,,,,,,,,,,,,,,,,,,,,,,,,,,,,,, 
101,Lambert-Bretiere,moe,,mont1268,-a,C-I:Revised,,,,,,NG,,final,II,,,,,,,,,,,,,mish-ipe-a,,,V,II,to be a high level of liquid,,RLB2020;0107,,,,,,,,,,,,,,,,,,,,,,,,,,,,,,, 
102,Lambert-Bretiere,moe,,mont1268,-shetsh-,C-I:Revised,,,,,,cliff,,medial,,,,,,,,,,,,,,,,,,,,,,,,,,,,,,,,,,,,,,,,,,,,,,,,,,,compares to N tshissekau 'cliff', 
103,Lambert-Bretiere,moe,,mont1268,-pemak-,C-I:Revised,,,,,,leaf,,medial,,,,,,,,,,,,,,,,,,,,,,,,,,,,,,,,,,,,,,,,,,,,,,,,,,,compares to N nipish 'leaf', 
104,Lambert-Bretiere,moe,,mont1268,kushiku,C-I:Revised,,,,,,heavy,heavy,initial,,,,,,,,,,,,,,kushiku-akunatsh-ish,,,V,AI,to be snow-heavy,,RLB2020;0107,,,,,,,,,,,,,,,,,,,,,,,,,,,,,,, 
105,Lambert-Bretiere,moe,,mont1268,-akunatsh,C-I:Revised,,,,,,snow,,medial,GENERIC,,,,,,,,,,,,,kushiku-akunatsh-ish,,,V,AI,to be snow-heavy,,RLB2020;0107,,,,,,,,,,,,,,,,,,,,,,,,,,,,,,, 
106,Lambert-Bretiere,moe,,mont1268,-ish,C-I:Revised,,,,,,NG,,final,AI,,,,,,,,,,,,,kushiku-akunatsh-ish,,,V,AI,to be snow-heavy,,RLB2020;0107,,,,,,,,,,,,,,,,,,,,,,,,,,,,,,, 
107,Lambert-Bretiere,moe,,mont1268,nutsh,C-I:Revised,,,,,,hunt,hunt,initial,,,,,,,,,,,,,,nutsh-atshakashu-e,,,V,AI,to hunt mink,,RLB2020;0107,,,,,,,,,,,,,,,,,,,,,,,,,,,,,,, 
108,Lambert-Bretiere,moe,,mont1268,-atshakashu,C-I:Revised,,,,,,mink,,medial,GENERIC,,,,,,,,,,,,,nutsh-atshakashu-e,,,V,AI,to hunt mink,,RLB2020;0107,,,,,,,,,,,,,,,,,,,,,,,,,,,,,,, 
109,Lambert-Bretiere,moe,,mont1268,shishu,C-I:Revised,,,,,,cover with,cover with,initial,,,,,,,,,,,,,,shishu-ńushkuauatsh-in,,,V,TA,to cover with flour by hand,,RLB2020;0108,,,,,,,,,,,,,,,,,,,,,,,,,,,,,,, 
110,Lambert-Bretiere,moe,,mont1268,-ńushkuauatsh,C-I:Revised,,,,,,flour,,medial,GENERIC,,,,,,,,,,,,,shishu-ńushkuauatsh-in,,,V,TA,to cover with flour by hand,,RLB2020;0108,,,,,,,,,,,,,,,,,,,,,,,,,,,,,,, 
111,Lambert-Bretiere,moe,,mont1268,-in,C-I:Revised,,,,,,by hand,,final,TA,,,,,,,,,,,,,shishu-ńushkuauatsh-in,,,V,TA,to cover with flour by hand,,RLB2020;0108,,,,,,,,,,,,,,,,,,,,,,,,,,,,,,, 
112,Lambert-Bretiere,moe,,mont1268,matape,C-I:Revised,,,,,,arrive,arrive,initial,,,,,,,,,,,,,,matape-ssek-ai,,,V,TI,to arrive at the marsh on foot,,RLB2020;0108,,,,,,,,,,,,,,,,,,,,,,,,,,,,,,, 
113,Lambert-Bretiere,moe,,mont1268,-ssek,C-I:Revised,,,,,,marsh,,medial,GENERIC,,,,,,,,,,,,,matape-ssek-ai,,,V,TI,to arrive at the marsh on foot,,RLB2020;0108,,,,,,,,,,,,,,,,,,,,,,,,,,,,,,, 
114,Lambert-Bretiere,moe,,mont1268,-ai,C-I:Revised,,,,,,by foot,,final,TI,,,,,,,,,,,,,matape-ssek-ai,,,V,TI,to arrive at the marsh on foot,,RLB2020;0108,,,,,,,,,,,,,,,,,,,,,,,,,,,,,,, 
115,Lambert-Bretiere,moe,,mont1268,piku,C-I:Revised,,,,,,break,break,initial,,,,,,,,,,,,,,piku-sham-e,,,V,AI,to be broken snowshoes,,RLB2020;0108,,,,,,,,,,,,,,,,,,,,,,,,,,,,,,, 
116,Lambert-Bretiere,moe,,mont1268,-sham,C-I:Revised,,,,,,snowshoe,,medial,GENERIC,,,,,,,,,,,,,piku-sham-e,,,V,AI,to be broken snowshoes,,RLB2020;0108,,,,,,,,,,,,,,,,,,,,,,,,,,,,,,, 
117,Lambert-Bretiere,moe,,mont1268,uak,C-I:Revised,,,,,,bend,bend,initial,,,,,,,,,,,,,,,,,V,AI,to be crooked fingers,uak-ashku-titsh-e,RLB2020;0108,,,,,,,,,,,,,,,,,,,,,,,,,,,,,,, 
118,Lambert-Bretiere,moe,,mont1268,-titsh,C-I:Revised,,,,,,hand,,medial,GENERIC,,,,,,,,,,,,,,,,V,AI,to be crooked fingers,uak-ashku-titsh-e,RLB2020;0108,,,,,,,,,,,,,,,,,,,,,,,,,,,,,,"p. 108, ex (37): second of two medials", 
119,Drapeau,moe,,mont1268,-ttaw,C-I:1,,,,,,applicative,,final,TA,,,Y,AI,,,,-ttam,,,,,,,,,,,,,,,,,,,,,,,,,,,,,,,,,,,,,,,,,,multiple roles (other than those above), 
120,Drapeau,moe,,mont1268,-ttam,C-I:1,,,,,,applicative,,final,TI,,,Y,AI,,,-ttaw,,,,,,,,,,,,,,,,,,,,,,,,,,,,,,,,,,,,,,,,,,,multiple roles (other than those above), 
121,Drapeau,moe,,mont1268,-aw,C-I:1,,,,,,applicative,,final,TA,,,Y,TI,,,,,,,,,,,,,,,,,,,,,,,,,,,,,,,,,,,,,,,,,,,,,,beneficiary, 
122,Drapeau,moe,,mont1268,-amaw,C-I:1,,,,,,applicative,,final,TA,,,Y,TI,,,,,,,,,,,,,,,,,,,,,,,,,,,,,,,,,,,,,,,,,,,,,,recipient, 
123,Drapeau,moe,,mont1268,-w,C-I:1,,,,,,applicative,,final,AI,,,Y,TI,,,,,,,,,,,,,,,,,,,,,,,,,,,,,,,,,,,,,,,,,,,,,,possessor, 
124,Drapeau,moe,,mont1268,-w,C-I:1,,,,,,applicative,,final,AI,,,Y,AI,,,,,,,,,,,,,,,,,,,,,,,,,,,,,,,,,,,,,,,,,,,,,,possessor, 
125,Drapeau,moe,,mont1268,-w,C-I:1,,,,,,applicative,,final,TA,,,Y,TI,,,,,,,,,,,,,,,,,,,,,,,,,,,,,,,,,,,,,,,,,,,,,,possessor, 
126,Drapeau,moe,,mont1268,-w,C-I:1,,,,,,applicative,,final,TA,,,Y,AI,,,,,,,,,,,,,,,,,,,,,,,,,,,,,,,,,,,,,,,,,,,,,,possessor, 
127,Drapeau,moe,,mont1268,-im,C-I:1,,,,,,applicative,,final,TA,,,Y,TA,,,,,,,,,,,,,,,,,,,,,,,,,,,,,,,,,,,,,,,,,,,,,,possessor, 
128,Drapeau,moe,,mont1268,-wâcê,C-I:1,,,,,,applicative,,final,TA,,,Y,AI+O,,,,,,,,,,,,,,,,,,,,,,,,,,,,,,,,,,,,,,,,,,,,,,instrument, 
129,Drapeau,moe,,mont1268,wîci- -m,C-I:1,,,,,,applicative,,final,TA,,,Y,AI,,,,,,,,,,,,,,,,,,,,,,,,,,,,,,,,,,,,,,,,,,,,,,comitative, 
130,Drapeau,moe,,mont1268,-štaw,C-I:1,,,,,,applicative,,final,AI,,,Y,TA,,-štam,,,,,,,,,,,,,,,,,,,,,,,,,,,,,,,,,,,,,,,,,,,,locational reference, 
131,Drapeau,moe,,mont1268,-štam,C-I:1,,,,,,applicative,,final,AI,,,Y,TI,,-štaw,,,,,,,,,,,,,,,,,,,,,,,,,,,,,,,,,,,,,,,,,,,,locational reference, 
132,Drapeau,moe,,mont1268,am-,C-I:1,,,,,,NG,,final,TA,,,,,,,,at-,,,,,,,,,,,,,,,,,,,,,,,,,,,,,,,,,,,,,,,,,,, 
133,Drapeau,moe,,mont1268,at-,C-I:1,,,,,,NG,,final,TI,,,,,,,am-
134,Drapeau,moe,,mont1268,iši-,C-I:1,,,,,,NG,,final,AI,,,,,,â-
135,Drapeau,moe,,mont1268,â-,C-I:1,,,,,,NG,,final,II,,,,,iši-
136,Drapeau,moe,,mont1268,mamên-,C-I:1,,,,,,on and off,,initial
137,Drapeau,moe,,mont1268,ûtân-,C-I:1,,,,,,to rain,,final,II
138,Drapeau,moe,,mont1268,cînikwân-,C-I:1,,,,,,round,round,initial,,,,,,,,,,,,,,,,,,,,,,,,,,,,,,,,,,,,,,,,,,,,,,,,,,,"Unclear if this is initial-medial, but seems most likely"
139,Drapeau,moe,,mont1268,pîputwê-,C-I:1,,,,,,blurred,,medial,,,,,,,,,,,,,,,,,,,,,,,,,,,,,,,,,,,,,,,,,,,,,,,,,,,"Unclear if this is initial-medial, but seems most likely"
140,Drapeau,moe,,mont1268,štan-,C-I:1,,,,,,storm force,,final,II
141,Drapeau,moe,,mont1268,nâmûn-,C-I:1,,,,,,downwind; déplacement effectué dans le sens du vent,,initial
142,Drapeau,moe,,mont1268,âštan-,C-I:1,,,,,,wind force,,final,II,,,,,âšu-
143,Drapeau,moe,,mont1268,wêp-,C-I:1,,,,,,away,away,initial
144,Drapeau,moe,,mont1268,âšu-,C-I:1,,,,,,wind force,,final,AI,,,,,,âštan-
145,Drapeau,moe,,mont1268,wâš-,C-I:1,,,,,,bay shape,,initial
146,Drapeau,moe,,mont1268,â-,C-I:1,,,,,,extension in space,,final,II,,ABSTR
147,Drapeau,moe,,mont1268,macitêwê-,C-I:1,,,,,,long point,,initial
148,Drapeau,moe,,mont1268,âlim-,C-I:1,,,,,,difficult,difficult,initial
149,Drapeau,moe,,mont1268,išêk-,C-I:1,,,,,,cliff,,medial
150,Drapeau,moe,,mont1268,âmišk-,C-I:1,,,,,,pebbles,,medial
151,Drapeau,moe,,mont1268,atâwak-,C-I:1,,,,,,hill,,medial
152,Drapeau,moe,,mont1268,âpušt-,C-I:1,,,,,,burnt area,,medial
153,Drapeau,moe,,mont1268,ê-,C-I:1,,,,,,NG,,final,II
154,Drapeau,moe,,mont1268,mak-,C-I:1,,,,,,big,big,initial
155,Drapeau,moe,,mont1268,pîkw-,C-I:1,,,,,,broken,broken,initial
156,Drapeau,moe,,mont1268,pakunê-,C-I:1,,,,,,have a hole,hole,initial
158,Drapeau,moe,,mont1268,tak-,C-I:1,,,,,,dry wood,,medial,INCORP
159,Drapeau,moe,,mont1268,milamw-,C-I:1,,,,,,damp,damp,initial
161,Drapeau,moe,,mont1268,papakunê-,C-I:1,,,,,,have a hole,hole,initial
163,Drapeau,moe,,mont1268,âkunac-,C-I:1,,,,,,snow,,medial,INCORP
164,Drapeau,moe,,mont1268,šiku-,C-I:1,,,,,,ice,,medial,INCORP
165,Drapeau,moe,,mont1268,ši-,C-I:1,,,,,,NG,,final,AI
166,Drapeau,moe,,mont1268,milu-,C-I:1,,,,,,good,good,initial
167,Drapeau,moe,,mont1268,cîkâ-,C-I:1,,,,,,clear,clear,initial
168,Drapeau,moe,,mont1268,cikâ-,C-I:1,,,,,,cleft,cleft,initial
170,Drapeau,moe,,mont1268,usê-,C-I:1,,,,,,ridge shape,,initial
171,Drapeau,moe,,mont1268,assêk-,C-I:1,,,,,,muskeg,,medial,INCORP
172,Drapeau,moe,,mont1268,-i-,C-I:1,,,,,,NG,,final,AI,,ABSTR
173,Drapeau,moe,,mont1268,-âkan,C-I:1,,,,,,patientive nominal,,final,AI,,,,,,-kan,,,,,,,,,,,,,,,,,,,,,,,,,,,,,,,,,,,,,,,,,,Y,,"LD: ""Note that Western dialects of Cree have different forms for passives of transitives (see Dahlstrom 1991, Wolfart 1991)"""
174,Drapeau,moe,,mont1268,-kan,C-I:1,,,,,,patientive nominal,,final,TI,,,,,,,-âkan,,,,,,,,,,,,,,,,,,,,,,,,,,,,,,,,,,,,,,,,,Y,,"LD: ""Note that Western dialects of Cree have different forms for passives of transitives (see Dahlstrom 1991, Wolfart 1991)"""
175,Junker,moe,,mont1268,-u,C-I:1,,,,,,REL,,final,TA,,,Y,,,,,,,,,,,,,V,TA,happy (in relation to),minuenitam-u-,MOJ2003a;0326,,,,,,,,,,,,,,,,,,,,,,,,,,,,,,relational
176,Drapeau,moe,,mont1268,pisti-,C-I:2,,,,,,par erreur,by mistake,initial,,,,,,,,,,,,,,pisti-pali-,,,V,V,move by accident (bouge par mégarde),,LD1980;0316,pisti-puta·-,,,V,TI,saw something by mistake (scie qque chose par erreur),,LD1980;0316,pisti-pat-a·-,,,V,V,go the wrong way (se trompe de route),,LD1980;0319,pisti-pal-i-,,,V,V,move by mistake (bouge par mégarde),,LD1980;0319,,,,,,In French.,,MAM
177,Drapeau,moe,,mont1268,-pali-,C-I:2,,,,,,par le mouvement,by movement,final,V,,,,,,,,,,,,,pisti-pali-,,,V,V,move by accident (bouge par mégarde),,LD1980;0316,,,,V,V,,,,,,,,,,,,,,,,,,,,,,,,,In French.,,MAM
178,Drapeau,moe,,mont1268,-puta·-,C-I:2,,,,,,scie qque chose,saw something (,final,V,,,,,,,,,,,,,pisti-puta·-,,,V,TI,saw something by mistake (scie qque chose par erreur),,LD1980;0316,,,,V,V,,,,,,,,,,,,,,,,,,,,,,,,,"In French; marked as ""complex final""",,MAM
179,Drapeau,moe,,mont1268,pal,C-I:2,,,,,,bouge,move,final,V,,CONCR,Y,PART,,,,,,,,,kwi·šku-pal-i-,,,V,V,move straight (bouge droit),,LD1980;0317,pisti-pal-i-,,,V,V,move by mistake (bouge par mégarde),,LD1980;0319,,,,,,,,,,,,,,,,,,,,,,In French.,,MAM
180,Drapeau,moe,,mont1268,ka·p,C-I:2,,,,,,debout,stand,final,V,,CONCR,Y,PART,,,,,,,,,kwi·šku-ka·p-u·,,,V,V,stand straight (droit debout),,LD1980;0317,pisti-ka·p-u·-,,,V,V,stand (self) by mistake (se met debout par erreur),,LD1980;0319,,,,,,,,,,,,,,,,,,,,,,In French.,,MAM
181,Drapeau,moe,,mont1268,ap,C-I:2,,,,,,assis,sit,final,V,,CONCR,Y,PART,,,,,,,,,kwi·šku-ap-i,,,V,V,sit straight (droit assis),,LD1980;0317,pisti-ap-i-,,,V,V,sit by mistake (assis par erreur),,LD1980;0319,,,,,,,,,,,,,,,,,,,,,,In French.,,MAM
182,Drapeau,moe,,mont1268,šin,C-I:2,,,,,,étendu,extend,final,V,,CONCR,Y,PART,,,,,,,,,kwi·šku-šin,,,V,V,extend straight (droit étendu),,LD1980;0317,pisti-šin-,,,V,V,extend by mistake (étendu par erreur),,LD1980;0319,,,,,,,,,,,,,,,,,,,,,,In French.,,MAM
183,Drapeau,moe,,mont1268,st,C-I:2,,,,,,placé,place,final,V,,CONCR,Y,PART,,,,,,,,,kwi·šku-st-e·,,,V,V,place right (placé droit),,LD1980;0317,pisti-št-a·-,,,V,V,place by mistake (placé par erreur),,LD1980;0319,,,,,,,,,,,,,,,,,,,,,,In French.,,MAM
184,Drapeau,moe,,mont1268,am,C-I:2,,,,,,installé,install,final,V,,CONCR,Y,PART,,,,,,,,,kwi·šku-am-u,,,V,V,install right (installé droit),,LD1980;0317,pisti-am-u-,,,V,V,install by mistake (installé par erreur),,LD1980;0319,,,,,,,,,,,,,,,,,,,,,,In French.,,MAM
185,Drapeau,moe,,mont1268,pat,C-I:2,,,,,,motorisé,motorize,final,V,,CONCR,Y,PART,,,,,,,,,kwi·šku-pat-a·,,,V,V,motorize right (motorisé droit),,LD1980;0317,pisti-pat-a·-,,,V,V,go the wrong way (se trompe de route),,LD1980;0319,,,,,,,,,,,,,,,,,,,,,,In French.,,MAM
186,Drapeau,moe,,mont1268,kaš,C-I:2,,,,,,cuit,cook,final,V,,CONCR,Y,PART,,,,,,,,,kwi·šku-kaš-i,,,V,V,cook right (cuit droit),,LD1980;0317,,,,,,,,,,,,,,,,,,,,,,,,,,,,,,In French.,,MAM
187,Drapeau,moe,,mont1268,t,C-I:2,,,,,,marche,walk/work,final,V,,CONCR,Y,PART,,,,,,,,,kwi·šku-t-e·,,,V,V,walk straight (marche droit),,LD1980;0317,,,,,,,,,,,,,,,,,,,,,,,,,,,,,,In French.,,MAM
188,Drapeau,moe,,mont1268,pats·,C-I:2,,,,,,en tobaganne,by toboggan,final,V,,CONCR,Y,PART,,,,,,,,,kwi·šku-pats·i,,,V,V,go in toboggan (va droit en tobaganne),,LD1980;0317,,,,,,,,,,,,,,,,,,,,,,,,,,,,,,In French.,,MAM
189,Drapeau,moe,,mont1268,ku,C-I:2,,,,,,suspend,hang,final,V,,CONCR,Y,PART,,,,,,,,,kwi·šku-ku-ta·,,,V,V,hang right (suspend qqch droit),,LD1980;0317,pisti-ku-ta·-,,,V,V,hang by mistake (suspend par erreur),,LD1980;0319,,,,,,,,,,,,,,,,,,,,,,In French.,,MAM
190,Drapeau,moe,,mont1268,pu,C-I:2,,,,,,scie,saw,final,V,,CONCR,Y,PART,,,,,,,,,kwi·šku-pu-ta·,,,V,V,saw something right (scie qqch droit),,LD1980;0317,pisti-pu-ta·-,,,V,V,saw by mistake (scie par erreur),,LD1980;0319,,,,,,,,,,,,,,,,,,,,,,In French.,,MAM
191,Drapeau,moe,,mont1268,i,C-I:2,,,,,,NG,,final,V,,ABSTR,Y,PART,,,,,,,,,kwi·šku-pal-i-,,,V,V,move straight (bouge droit),,LD1980;0317,kwi·šku-kaš-i,,,V,V,cook right (cuit droit),,LD1980;0317,kwi·šku-pats·i,,,V,V,go in toboggan (va droit en tobaganne),,LD1980;0317,kwi·šku-ap-i,,,V,V,sit straight (droit assis),,LD1980;0317,,,,,,In French.,,MAM
192,Drapeau,moe,,mont1268,u·,C-I:2,,,,,,NG,,final,V,,ABSTR,Y,PART,,,,,,,,,kwi·šku-ka·p-u·,,,V,V,stand straight (droit debout),,LD1980;0317,pisti-ka·p-u·-,,,V,V,stand (self) by mistake (se met debout par erreur),,LD1980;0319,,,,,,,,,,,,,,,,,,,,,,In French.,,MAM
193,Drapeau,moe,,mont1268,e·,C-I:2,,,,,,NG,,final,V,,ABSTR,Y,PART,,,,,,,,,kwi·šku-st-e·,,,V,V,place right (placé droit),,LD1980;0317,kwi·šku-t-e·,,,V,V,walk straight (marche droit),,LD1980;0317,,,,,,,,,,,,,,,,,,,,,,In French.,,MAM
194,Drapeau,moe,,mont1268,u,C-I:2,,,,,,NG,,final,V,,ABSTR,Y,PART,,,,,,,,,kwi·šku-am-u,,,V,V,install right (installé droit),,LD1980;0317,pisti-am-u-,,,V,V,install by error (installé par erreur),,LD1980;0319,,,,,,,,,,,,,,,,,,,,,,In French.,,MAM
195,Drapeau,moe,,mont1268,a·,C-I:2,,,,,,NG,,final,V,,ABSTR,Y,PART,,,,,,,,,kwi·šku-pat-a·,,,V,V,motorize right (motorisé droit),,LD1980;0317,pisti-pat-a·-,,,V,V,go the wrong way (se trompe de route),,LD1980;0319,pisti-št-a·-,,,V,V,place by mistake (placé par erreur),,LD1980;0319,,,,,,,,,,,,,,In French.,,MAM
196,Drapeau,moe,,mont1268,ta·,C-I:2,,,,,,NG,,final,V,,ABSTR,Y,PART,,,,,,,,,kwi·šku-ku-ta·,,,V,V,hang right (suspend qqch droit),,LD1980;0317,kwi·šku-pu-ta·,,,V,V,saw something right (scie qqch droit),,LD1980;0317,pisti-pu-ta·-,,,V,V,saw by mistake (scie par erreur),,LD1980;0319,pisti-ku-ta·-,,,V,V,hang by mistake (suspend par erreur),,LD1980;0319,,,,,,In French.,,MAM
197,Drapeau,moe,,mont1268,a·pika·t,C-I:2,,,,,,attache,attach,final,V,,CONCR,B,PART,,,,,,,,,kwi·šku-a·pika·t-am,,,V,V,attach right (attache qqch droit),,LD1980;0318,pisti-a·pika·t-am-,,,V,V,attach by mistake (attache par erreur),,LD1980;0319,,,,,,,,,,,,,,,,,,,,,,In French.,,MAM
198,Drapeau,moe,,mont1268,kwa·t,C-I:2,,,,,,coud,sew,final,V,,CONCR,B,PART,,,,,,,,,kwi·šku-kwa·t-am,,,V,V,sew something right (coud qqch droit),,LD1980;0318,pisti-kwa·t-am-,,,V,V,sew by mistake (coud par erreur),,LD1980;0319,,,,,,,,,,,,,,,,,,,,,,In French.,,MAM
199,Drapeau,moe,,mont1268,kut,C-I:2,,,,,,dole au couteau croche,dole out with tongs,final,V,,CONCR,B,PART,,,,,,,,,kwi·šku-kut-am,,,V,V,dole out right with tongs (dole qqch droit au couteau croche),,LD1980;0318,pisti-kut-am-,,,V,V,dole out with tongs by mistake (dole au couteau croche par erreur),,LD1980;0319,,,,,,,,,,,,,,,,,,,,,,In French.,,MAM
200,Drapeau,moe,,mont1268,š,C-I:2,,,,,,coupe,cut,final,V,,CONCR,B,PART,,,,,,,,,kwi·šku-š-am,,,V,V,cut something right (coupe qqch droit),,LD1980;0318,pisti-š-am-,,,V,V,cut by mistake (coupe par erreur),,LD1980;0319,,,,,,,,,,,,,,,,,,,,,,In French.,,MAM
201,Drapeau,moe,,mont1268,am,C-I:2,,,,,,NG,NG,final,V,,ABSTR,,,,,,,,,,,kwi·šku-a·pika·t-am,,,V,V,attach right (attache qqch droit),,LD1980;0318,kwi·šku-kwa·t-am-,,,V,V,sew something right (coud qqch droit),,LD1980;0318,kwi·šku-kut-am,,,V,,dole out right with tongs (dole qqch droit au couteau croche),,LD1980;0318,kwi·šku-š-am,,,V,,cut something right (coupe qqch droit),,LD1980;0318,,,,,,In French; Looks like LD is saying this is incompatible with 3s inflection,,MAM
203,Drapeau,moe,,mont1268,a·y-,C-I:2,,,,,,disposé dans l'espace,arranged in space,final,,,CONCR,,,,,,,,,,,,,,,,,,,,,,,,,,,,,,,,,,,,,,,,,,,,,,,,In French.,,MAM
204,Drapeau,moe,,mont1268,ast-,C-I:2,,,,,,placé,"place, put",final,,,CONCR,,,,,,,,,,,,,,,,,,,,,,,,,,,,,,,,,,,,,,,,,,,,,,,,In French.,,MAM
205,Drapeau,moe,,mont1268,a·w-,C-I:2,,,,,,emporte quelque chose,take something away,final,,,CONCR,,,,,,,,,,,,,,,,,,,,,,,,,,,,,,,,,,,,,,,,,,,,,,,,In French.,,MAM
206,Drapeau,moe,,mont1268,a·st-,C-I:2,,,,,,emporté par le vent,take away by wind,final,,,CONCR,,,,,,,,,,,,,,,,,,,,,,,,,,,,,,,,,,,,,,,,,,,,,,,,In French.,,MAM
207,Drapeau,moe,,mont1268,kai-,C-I:2,,,,,,hache,chop,final,,,CONCR,,,,,,,,,,,,,,,,,,,,,,,,,,,,,,,,,,,,,,,,,,,,,,,,In French.,,MAM
208,Drapeau,moe,,mont1268,pimi-,C-I:2,,,,,,"croche, en biais","crooked, angled",initial,,,,,,,,,,,,,,,,,,,,,,,,,,,,,,,,,,,,,,,,,,,,,,,,,,,In French.
209,Drapeau,moe,,mont1268,matsi-,C-I:2,,,,,,"mal, mauvais","wrong, bad",initial,,,,,,,,,,,,,,,,,,,,,,,,,,,,,,,,,,,,,,,,,,,,,,,,,,,In French.
210,Drapeau,moe,,mont1268,na·ku,C-I:2,,,,,,a l'air,have an air or aura,final,,,CONCR,,,,,,,,,,,,,,,,,,,,,,,,,,,,,,,,,,,,,,,,,,,,,,,,In French.
211,Drapeau,moe,,mont1268,špuku,C-I:2,,,,,,goûte,taste,final,,,CONCR,,,,,,,,,,,,,,,,,,,,,,,,,,,,,,,,,,,,,,,,,,,,,,,,In French.
212,Drapeau,moe,,mont1268,a·spi,C-I:2,,,,,,habillé,be dressed,final,,,CONCR,,,,,,,,,,,,,,,,,,,,,,,,,,,,,,,,,,,,,,,,,,,,,,,,In French.
213,Drapeau,moe,,mont1268,kwa·m,C-I:2,,,,,,dort,sleep,final,,,CONCR,,,,,,,,,,,,,,,,,,,,,,,,,,,,,,,,,,,,,,,,,,,,,,,,In French.
214,Drapeau,moe,,mont1268,eye·sku-,C-I:2,,,,,,être fatigué,tired,initial,,,,,,,,,,,,,,,,,,,,,,,,,,,,,,,,,,,,,,,,,,,,,,,,,,,In French.
215,Drapeau,moe,,mont1268,ta·ku,C-I:2,,,,,,la voix,voice,final,,,CONCR,,,,,,,,,,,,,,,,,,,,,,,,,,,,,,,,,,,,,,,,,,,,,,,,In French.
216,Drapeau,moe,,mont1268,wa·wa·tsi-,C-I:2,,,,,,tout de travers,askew,initial,,Y,,,,,,,,,,,,,,,,,,,,,,,,,,,,,,,,,,,,,,,,,,,,,,,,,In French.
217,Drapeau,moe,,mont1268,stai,C-I:2,,,,,,coud qqch en place,sew something into place,final,,,CONCR,,,,,,,,,,,,,,,,,,,,,,,,,,,,,,,,,,,,,,,,,,,,,,,,In French.
218,Drapeau,moe,,mont1268,tsukù,C-I:2,,,,,,coule,flow,final,,,CONCR,,,,,,,,,,,,,,,,,,,,,,,,,,,,,,,,,,,,,,,,,,,,,,,,In French.,,MAM
219,Drapeau,moe,,mont1268,aku,C-I:2,,,,,,suspend,hang,final,,,CONCR,,,,,,,,,,,,,,,,,,,,,,,,,,,,,,,,,,,,,,,,,,,,,,,,In French.
220,Brittain & Acton,moe,,mont1268,-pan,C-I:1,,,,*-pali,,move,,final,II
221,Brittain & Acton,moe,,mont1268,-pan,C-I:1,,,,*-pali,,move,,final,AI
222,Drapeau & Lambert-Bretiere,moe,,mont1268,-(â)kam-,C-I:1,,,,,,enclosed liquid,,medial,CLASS
223,Drapeau & Lambert-Bretiere,moe,,mont1268,-âpišk-,C-I:1,,,,,,mineral,,medial,CLASS
224,Drapeau & Lambert-Bretiere,moe,,mont1268,-âpêk-,C-I:1,,,,,,stringlike,,medial,CLASS,,,,,,,,,-âpic-,,,,tshinu-apek-an,,,V,II,to be stringlike-long,,RLB2020;0107
225,Drapeau & Lambert-Bretiere,moe,,mont1268,-âškw-,C-I:1,,,,,,long and rigid,,medial,CLASS,,,,,,,,,,,,,šâk-âškw-ay-,,,V,TI,sortir du bois,,FY2010;0073
226,Drapeau & Lambert-Bretiere,moe,,mont1268,-âwk-,C-I:1,,,,,,granular,,medial,CLASS
227,Drapeau & Lambert-Bretiere,moe,,mont1268,-êk-,C-I:1,,,,,,sheetlike,,medial,CLASS,,,,,,,,,-êyêc-
228,Drapeau & Lambert-Bretiere,moe,,mont1268,-(i)pê(k)-,C-I:1,,,,,,free-flowing liquid,,medial,CLASS
229,Drapeau & Lambert-Bretiere,moe,,mont1268,-(i)tak-,C-I:1,,,,,,dry wood,,medial,CLASS
230,Drapeau & Lambert-Bretiere,moe,,mont1268,nâš-,C-I:1,,,,,,toward,toward,initial,,,,,,,,,,,,,,,,nâšipê-,V,,to go to the shore,,LD_RLB2011;0301
231,Drapeau & Lambert-Bretiere,moe,,mont1268,matâ-,C-I:1,,,,,,arrive at,arrive,initial,,,,,,,,,,,,,,,,matâpê-,V,,to arrive at the shore,,LD_RLB2011;0301
232,Drapeau & Lambert-Bretiere,moe,,mont1268,âwš-,C-I:1,,,,,,transport,transport,initial,,,,,,,,,,,,,,,,âwšipê-,V,,to carry water,,LD_RLB2011;0301
233,Drapeau & Lambert-Bretiere,moe,,mont1268,wâp-,C-I:1,,,,,,white,white,initial,,,,,,,,,,,,,,,,wâpêkay-,V,,to do the laundry,,LD_RLB2011;0301
234,Drapeau & Lambert-Bretiere,moe,,mont1268,-ay-,C-I:1,,,,,,by tool,,final,,,,,,,,,,,,,,,,wâpêkay-,V,,to do the laundry,,LD_RLB2011;0301,tâwâpêkaycê-,,,V,,to play music,,LD_RLB2011;0301
235,Drapeau & Lambert-Bretiere,moe,,mont1268,tâw-,C-I:1,,,,,,in the middle,middle,initial,,,,,,,,,,,,,,,,tâwâpêkaycê-,V,,to play music,,LD_RLB2011;0301
236,Drapeau & Lambert-Bretiere,moe,,mont1268,-âkun-,C-I:1,,,,,,snow,,medial,INCORP
237,Drapeau & Lambert-Bretiere,moe,,mont1268,-atâwk-,C-I:1,,,,,,"an elevation of land, a hill",,medial,INCORP
238,Drapeau & Lambert-Bretiere,moe,,mont1268,-âkunak-,C-I:1,,,,,,snow,,medial
239,Drapeau & Lambert-Bretiere,moe,,mont1268,-assin-,C-I:1,,,,,,shoe,,medial
240,Drapeau & Lambert-Bretiere,moe,,mont1268,-âpikun-,C-I:1,,,,,,flower,,medial
241,Drapeau & Lambert-Bretiere,moe,,mont1268,-assêkw-,C-I:1,,,,,,muskeg,,medial
242,Drapeau & Lambert-Bretiere,moe,,mont1268,-âcikw-,C-I:1,,,,,,otter,,medial
243,Drapeau & Lambert-Bretiere,moe,,mont1268,-aštimw-,C-I:1,,,,,,dog,,medial
244,Drapeau & Lambert-Bretiere,moe,,mont1268,-ppun-,C-I:1,,,,,,"year, winter",,medial
245,Drapeau & Lambert-Bretiere,moe,,mont1268,-pwâm(e)-,C-I:1,,,,,,thigh,,medial
246,Drapeau & Lambert-Bretiere,moe,,mont1268,-(â)ssû-,C-I:1,,,,,,viscous,,medial,,,,,,,,,,,,,,,,,,,,,,,,,,,,,,,,,,,,,,,,,,,,,,,,,,,"p. 318: ""Could also be considered a verbal classifier. HOwever, it is not included in our count because of its obvious phonological relation to the noun -ašassu- 'mud'"" "
247,York,moe,,mont1268,âkaw,C-I:1,,,,,,behind; derrière,,initial
248,York,moe,,mont1268,-âšku,C-I:1,,,,,,long and rigid; long en bois,,medial
249,York,moe,,mont1268,-šimu,C-I:1,,,,,,lying; étendu,,final,AI
250,York,moe,,mont1268,-ikâpaw-,C-I:1,,,,,,standing; debout,,final,,,CONCR,,,,,,,,,,,miš-akâme-kâpûw-,,,V,AI,"être debout, dressé, planté jusqu'au bout d'un espace",,FY2010;0068,uštâcî-kâpaû-,,,V,AI,"s'écarter, s'éloigner un peu debout",,FY2010;0069
251,York,moe,,mont1268,-api-,C-I:1,,,,,,sitting; assis,,final,,,CONCR,,,,,,,,,,,kutâw-âkune-pi-,,,V,AI,"être déposé, placé, assis enfoncé dans la neige",,FY2010;0068,nimitâwe-pi-,,,V,AI,"aller s'asseoir à découvert en s'éloignant de la lisière de la forêt, d'un mur",,FY2010;0069,atim-api-,,,V,AI,être assis le dos tourné,,FY2010;0069
252,York,moe,,mont1268,-išimu-,C-I:1,,,,,,"extended, lying; étendu, allongé",,final,,,CONCR,,,,,,,,,,,kulašte-šimu-,,,V,II,le chemin passe par un tunnel,,FY2010;0068,âkw-âšte-šimu-,,,V,AI,"se placer, ramper justqu'à l'ombre, à l'abri du soleil",,FY2010;0069
253,York,moe,,mont1268,-šin-,C-I:1,,,,,,"lying, in contact with a surface",,final,,,CONCR,,,,,,,-tin-
254,York,moe,,mont1268,-akušî-,C-I:1,,,,,,"suspended, hanging, suspendu, perché, juché",,final,,,CONCR,,,,,,,,,,,pûtû-lew-e-kušî-,,,V,AI,la perdrix est juchée immobile les aile gonflées,,FY2010;0068
255,York,moe,,mont1268,pîtwâw-,C-I:1,,,,,,smoke,smoke,initial
256,York,moe,,mont1268,-kâpû,C-I:1,,,,,,standing,,final,AI
257,York,moe,,mont1268,taškam-,C-I:1,,,,,,d'un bord à l'autre,edge,initial
258,York,moe,,mont1268,-assek-,C-I:1,,,,,,savane,,medial,INCORP,,,,,,,,,-assec-
260,York,moe,,mont1268,-i-,C-I:1,,,,,,NG,,final,AI,,ABSTR
261,York,moe,,mont1268,-pici-,C-I:1,,,,,,en traînant un toboggan,,final,AI
262,York,moe,,mont1268,nîpâ-,C-I:1,,,,,,de nuit,night,initial
263,York,moe,,mont1268,cišû-,C-I:1,,,,,,exaspéré,exasperate,initial
264,York,moe,,mont1268,mâmîc-,C-I:1,,,,,,déféquer,defecate,initial,,Y
265,York,moe,,mont1268,-ute-,C-I:1,,,,,,en marchant,,final,AI
266,York,moe,,mont1268,-ê-,C-I:1,,,,,,forme les verbes de processus,,final,,,ABSTR
267,York,moe,,mont1268,-â-,C-I:1,,,,,,réfère à differents états spaciaux,,final,,,ABSTR
268,York,moe,,mont1268,-an-,C-I:1,,,,,,réfère à differents états non spaciaux,,final,,,ABSTR
269,York,moe,,mont1268,alakassi-,C-I:1,,,,,,large,large,initial
270,York,moe,,mont1268,-šikw-,C-I:1,,,,,,glace; ice,,medial,,,,,,,,,,,,,,pâm-išku-ay-,,,V,AI,effectuer un trajet sur la glace à pied,,,,,,,,,,,,,,,,,,,,,,,,,,,,,,,,*JS cannot find stem source (might be on FY2010;0073?)*
271,York,moe,,mont1268,-ay-,C-I:1,,,,,,"avec un coup, avec un instrument",,final,TI,,CONCR,,,-ay-,,-w-
272,York,moe,,mont1268,âyâkatw-,C-I:1,,,,,,bouger,move,initial
274,York,moe,,mont1268,nimitâwessec-,C-I:1,,,,,,vers le centre,,initial,,,,,,,,,,,,,,,,,,,,,,,,,,,,,,,,,,,,,,,,,,,,,,,,,,,complex initial'
275,York,moe,,mont1268,-patâ-,C-I:1,,,,,,"en courant, en véhicule à roues",,final,AI,,,,,,,,,,,,,ûlwî-patâ-,,,V,AI,sortir en courant,,FY2010;0055,matâ-pessec-i-patâ-,,,V,AI,"arriver à une savane, une tourbière en courant, en véhicule à roues",,FY2010;0073,lâlew-e-šku-patâ-,,,V,AI,courir le long du rivage sur la glace,,FY2010;0073
277,York,moe,,mont1268,-w,C-I:1,,,,,,avec un instrument; avec un coup ou avec un instrument,,final,TA,,,,,-ay-,,,-ay-
278,York,moe,,mont1268,âm-,C-I:1,,,,,,angle,angle,initial
279,York,moe,,mont1268,-šk-,C-I:1,,,,,,avec les pieds,,final,TI
280,York,moe,,mont1268,kukweti-,C-I:1,,,,,,sonder,probe,initial
281,York,moe,,mont1268,âkw-,C-I:1,,,,,,derrière,behind,initial
284,York,moe,,mont1268,awkâ-,C-I:1,,,,,,échoué,fail,initial
285,York,moe,,mont1268,-âputê-,C-I:1,,,,,,force du courant,,final,II,,,,,-âpuku-,,,,,,,,âm-âpu-,,,V,II,"être emporté en bas du rapide, de la chute par le courant",,FY2010;0066
286,York,moe,,mont1268,âmacwe-,C-I:1,,,,,,montée,climb,initial
287,York,moe,,mont1268,-tâpâcim-,C-I:1,,,,,,en traînant quelqu'un,,final,TA,,,Y
288,York,moe,,mont1268,-awku-,C-I:1,,,,,,avec/par la vague,,final,AI,,,,,,-âyn-
289,York,moe,,mont1268,-âyn-,C-I:1,,,,,,avec/par la vague; wave force,,final,II,,,,,-awku-
290,York,moe,,mont1268,šâš-,C-I:1,,,,,,déferler,surge,initial
291,York,moe,,mont1268,wâc-,C-I:1,,,,,,courbe,curve,initial
292,York,moe,,mont1268,-te-,C-I:1,,,,,,en marchant,,final,AI,,,,,,,,,,,,,nânatw-âpišwe-te-,,,V,AI,être à la recherche du loup-cervier à pied,,FY2010;0072,pâm-išku-te-,,,V,AI,effectuer un trajet sur la glace à pied,,FY2010;0073
293,York,moe,,mont1268,wâk-,C-I:1,,,,,,courbe,curve,initial
294,York,moe,,mont1268,-âwkun-,C-I:1,,,,,,dos,,medial
295,York,moe,,mont1268,lâlewe-,C-I:1,,,,,,le long du rivage
296,York,moe,,mont1268,-ay-,C-I:1,,,,,,"au vol, sur l'eau, en canot, à la nage",,,AI,,,,,,,-w-,-ay-
297,York,moe,,mont1268,-pal-,C-I:1,,,,,,"mouvement continu, fluide, dans l'eau, sur l'eau ou at vol et/ou avec un moteur",,final
298,York,moe,,mont1268,-âwc-,C-I:1,,,,,,montagne,,medial
299,York,moe,,mont1268,-kam-,C-I:1,,,,,,lac,,final,,,CONCR
300,York,moe,,mont1268,-âpuku-,C-I:1,,,,,,force du courant,,final,AI,,,,,,-âputê-
301,York,moe,,mont1268,atim-,C-I:1,,,,,,en sens inverse,,initial,,,,,,,,,,,,,,atim-i-škâ-,,,V,AI,s'éloigne en canot,,FY2010;0060,atim-i-pali-,,,V,AI,"s'éloigne au vol, en embarcation, aɛ moteur, à la nage sous l'eau",,Fy2010;0064,atim-api-,,,V,AI,être assis le dos tourné,,FY2010;0069
302,York,moe,,mont1268,-ay-,C-I:1,,,,,,en franchissant,,final,TI,,,,,,,,,,,,,šâk-âškw-ay-,,,V,TI,sortir du bois,,FY2010;0073,nâtakâm-essek-ay-,,,V,TI,"se diriger de la savane, de la tourbière vers la forêt",,FY2010;0073,nimitâw-ey-âwk-ay-,,,V,TI,s'éloigner de la forêt en direction du large en marchant sur le sable,,FY2010;0074
303,York,moe,,mont1268,-šec-,C-I:1,,,,,,escarpement,,medial
304,York,moe,,mont1268,-pali-,C-I:1,,,,,,mouvement continue,,final,AI
305,York,moe,,mont1268,-pali-,C-I:1,,,,,,mouvement continue,,final,II
306,York,moe,,mont1268,atimati-,C-I:1,,,,,,en sense inverse,,initial,,Y
307,York,moe,,mont1268,-nisse-,C-I:1,,,,,,main,,medial
308,York,moe,,mont1268,-âmi-,C-I:1,,,,,,caillou,,medial
309,York,moe,,mont1268,âstanitâtsi-,C-I:1,,,,,,s'approcher,approach,initial,,,,,,,,,,,,,,,,,,,,,,,,,,,,,,,,,,,,,,,,,,,,,,,,,,,Complex initial
310,York,moe,,mont1268,ustâtsî-,C-I:1,,,,,,s'écarter,deviate,initial,,,,,,,,,,,,,,,,,,,,,,,,,,,,,,,,,,,,,,,,,,,,,,,,,,,Complex initial
311,York,moe,,mont1268,ûlwî-,C-I:1,,,,,,sortir,,initial,,,,,,,,,,,,,,ûluî-,,,V,AI,sortir,,FY2010;0054,ûlwî-patâ-,,,V,AI,sortir en courant,,FY2010;0055,ûlwi-ti-kašu-,,,V,AI,sortir à cause de la chaleur,,FY2010;0067,,,,,,,,,,,,,,Complex initial
312,York,moe,,mont1268,natay-,C-I:1,,,,,,vers l'amont,upstream,initial,,,,,,,,,,,,,,,,,,,,,,,,,,,,,,,,,,,,,,,,,,,,,,,,,,,Complex initial
313,York,moe,,mont1268,nâsǐpe-,C-I:1,,,,,,"vers l'eau, la côte",,initial,,,,,,,,,,,,,,nâšipe-,,,V,AI,vers l'eau,,FY2010;0054,nâšipe-tûte-,,,V,AI,vers l'eau avec quelquechose sur le dos,,FY2010;0055,,,,,,,,,,,,,,,,,,,,,,Complex initial
314,York,moe,,mont1268,mûšâ-,C-I:1,,,,,,en direction du large,,initial,,,,,,,,,,,,,,,,,,,,,,,,,,,,,,,,,,,,,,,,,,,,,,,,,,,Complex initial
315,York,moe,,mont1268,nâtakâ-,C-I:1,,,,,,vers le rivage,,initial,,,,,,,,,,nâtakâm-,,nâtakâš-,,,,,,,,,,,,,,,,,,,,,,,,,,,,,,,,,,,,,,,Complex initial
316,York,moe,,mont1268,mây-,C-I:1,,,,,,vers l'aval,downstream,initial,,,,,,,,,,,,,,,,,,,,,,,,,,,,,,,,,,,,,,,,,,,,,,,,,,,Complex initial
317,York,moe,,mont1268,kupitan-,C-I:1,,,,,,vers la décharge,,initial,,,,,,,,,,,,,,,,,,,,,,,,,,,,,,,,,,,,,,,,,,,,,,,,,,,Complex initial
318,York,moe,,mont1268,pîtute-,C-I:1,,,,,,à l'intérieur,inside,initial,,,,,,,,,,,,,,,,,,,,,,,,,,,,,,,,,,,,,,,,,,,,,,,,,,,Complex initial
319,York,moe,,mont1268,pît-,C-I:1,,,,,,pénétrer,enter,initial,,,,,,,,,,pîc-,,,,pît-âwk-âštan-,,,V,II,le sable pénètre avec le vent,,FY2010;0055
320,York,moe,,mont1268,uškwe-,C-I:1,,,,,,dévier de sa trajectoire,,initial
321,York,moe,,mont1268,nist-,C-I:1,,,,,,monter un rapide,,initial
322,York,moe,,mont1268,pîtû-,C-I:1,,,,,,superposé,superimposed,initial,,,,,,,,,,,,,,pîtû-pec-i-tâpe-,,,V,AI,il arrive à du frasil sur le lac en traînant qqch derrière lui,,FY2010;0056,,,,,,,,,,,,,,,,,,,,,,,,,,,,Y,pîtwâw
323,York,moe,,mont1268,nûte-,C-I:1,,,,,,ne pas parvenir à terme,,initial,,,,,,,,,,,,,,nûte-kâm-e-pali-,,,V,AI,n'atteint pas l'autre côté d'un espace au vol; qqch n'atteint pas l'autre côté d'un espace,,FY2010;0056
324,York,moe,,mont1268,utit-,C-I:1,,,,,,parvenir,reach,initial,,,,,,,,,,utic-,,,,utit-â-šku-pici-,,,V,AI,il parvient à tel endroit sur la glace en traînant son toboggan,,FY2010;0056
325,York,moe,,mont1268,wesâm-,C-I:1,,,,,,trop,too,initial,,,,,,,,,,,,,,wešâm-i-patâ-,,,V,AI,"il va trop loin en courant, en véhicule à roues",,FY2010;0057
326,York,moe,,mont1268,nûm-,C-I:1,,,,,,"en partie, incomplètement","partially, incompletely",initial,,,,,,,,,,,,,,nûm-i-škw-,,,V,TA,"il n'en revêt qu'une partie, le revêt incomplètement; il franchit une partie de la distance pour le rejoindre",,FY2010;0057
328,York,moe,,mont1268,-t-,C-I:1,,,,,,avec la bouche,,final,,,,,,,,,,,,,,pet-w-ewe-t-,,,V,TI,"se viendre, approche avec des bruîts de voix",,FY2010;0071
329,York,moe,,mont1268,-patwâ-,C-I:1,,,,,,"en courant, en véhicule à roues",,final,AI
330,York,moe,,mont1268,-kâši-,C-I:1,,,,,,à pied dans l'eau,,final,AI,,,,,,,,,,,,,âšû-kǎši-tatâ-,,,V,AI,emporte qqch d l'autre coté du cours d'eau à pied,,FY2010;0062
331,York,moe,,mont1268,-škâ-,C-I:1,,,,,,"en canot, à la nage",,final,AI,,,,,,,,,,,,,atim-i-škâ-,,,V,AI,s'éloigne en canot,,FY2010;0060
332,York,moe,,mont1268,-tâpe-,C-I:1,,,,,,en traînant,,final,AI
333,York,moe,,mont1268,-tâcimu-,C-I:1,,,,,,en se traînant (reflexif),,final,AI
334,York,moe,,mont1268,-aštâ-,C-I:1,,,,,,en faisant du portage,,final,AI,,,,,,,,,,,,,kušp-âšku-štâ-,,,V,AI,il entre dans la forêt en faisant du portage,,FY2010;0060,,mây-šku-štâ-,,V,AI,faire du portage vers l'aval sur la glace,,FY2010;0073
335,York,moe,,mont1268,-cime-,C-I:1,,,,,,en voyageant,,final,AI
336,York,moe,,mont1268,-tišimu-,C-I:1,,,,,,en fuyant,,final,AI,,,,,,,,,,,,,kušp-âšku-tišimu-,,,V,AI,il se sauve dans la forêt,,FY2010;0060
337,York,moe,,mont1268,-nikâ-,C-I:1,,,,,,avec qqch sur les épaules,,final,AI
338,York,moe,,mont1268,-tûte-,C-I:1,,,,,,avec qqch sur le dos,,final,AI
339,York,moe,,mont1268,-tûtam-,C-I:1,,,,,,avec qqch sur le dos,,final,AI,,,,,,,,,,,,,paci-tûtâm-,,,V,TA,il se décharge de qqn qu'il porte sur le dos,,FY2010;0061,âmacwe-tûtâm-,,,V,TA,il gravit la pente en l'emportant sur son dos,,FY2010;0061
340,York,moe,,mont1268,-tinice-,C-I:1,,,,,,avec un canot sur le dos,,final,AI
341,York,moe,,mont1268,-tatâ-,C-I:1,,,,,,en portant qqch./qqn. dans les bras,,final,AI,,,,,,,-tay-,,,,,,âmacwe-tatâ-,,,V,AI,il gravit une pente en emportant qqch dans les bras,,FY2010;0062,âšû-kǎši-tatâ-,,,V,AI,emporte qqch d l'autre coté du cours d'eau à pied,,FY2010;0062
342,York,moe,,mont1268,-tay-,C-I:1,,,,,,en portant qqch./qqn. dans les bras,,final,TA,,,,,-tatâ-
343,York,moe,,mont1268,-ay-,C-I:1,,,,,,avec un coup ou avec un instrument,,final,AI,,,,,,,-w-,-ay-
344,York,moe,,mont1268,-ay-,C-I:1,,,,,,"sur l'eau (en canot, à la nage), au vol out à pied",,final,TI,,,,,-ay-,,-w-
346,York,moe,,mont1268,-w-,C-I:1,,,,,,"sur l'eau (en canot, à la nage), au vol out à pied",,final,TA,,,,,-ay-,,,-ay-
348,York,moe,,mont1268,-šin-,C-I:1,,,,,,"au contact, d'un objet, d'une surface; couché, en tombant, en se heurtant au passage, à pied",,final,AI,,,,,,-tin-,,,,,,,pašt-âpec-i-šin-,,,V,,être étendu en travers d'un objet long et vertical,,FY2010;0064,âštanitâci-šin-,,,V,AI,s'approcher couché,,FY2010;0064,naškwe-šin-,,,V,AI,"effleurer un objet en tombant, en se frappant, au passage",,FY2010;0065,âmacwe-šk-,,,V,TI,gravir la pente à pied,,FY2010;0063
349,York,moe,,mont1268,-tin-,C-I:1,,,,,,"au contact, d'un objet, d'une surface; couché, en tombant, en se heurtant au passage, à pied",,final,II,,,,,-šin-
352,York,moe,,mont1268,-šk-,C-I:1,,,,,,"avec le corps, les pieds, à pied",,final,,,,,,,,,,,,,,peti-pe-šk-,,,V,TI,se viendre à pied en apportant à boire,,FY2010;0072,natay-šk-,,,V,TI,aller à pied en direction de l'amont,,FY2010;0065
356,York,moe,,mont1268,nat-,C-I:1,,,,,,vers l'amont,upstream,initial
357,York,moe,,mont1268,-ewe-,C-I:1,,,,,,bruit,,medial,,,,,,,,,,,,,,naškwe-šin-,,,V,AI,"effleurer un objet en tombant, en se frappant, au passage",,FY2010;0065
358,York,moe,,mont1268,-ci-,C-I:1,,,,,,"par le froid, le gel",,final,AI,,,,,,-tin-
359,York,moe,,mont1268,-tin-,C-I:1,,,,,,"par le froid, le gel",,final,II,,,,,-ci-
360,York,moe,,mont1268,-âpas-,C-I:1,,,,,,"par la chaleur, en brûlant",,final,AI,,,,,,-âpa-,,,,,,,pet-i-kate-,,,V,II,"le feu approche, se propage par ici",,FY2010;0067,ûlwi-ti-kašu-,,,V,AI,sortir à cause de la chaleur,,FY2010;0067
361,York,moe,,mont1268,-âpa-,C-I:1,,,,,,"par la chaleur, en brûlant",,final,II,,,,,-âpas-
362,York,moe,,mont1268,-âsu-,C-I:1,,,,,,avec/par le vent,,final,AI,,,,,,-âstin-,,,,,,,pâšk-a-tâwk-âšu-,,,V,AI,être complètement déterré par le vent,,FY2010;0066,wemâ-y-âšu-,,,V,AI,être emporté au-delà d'un point par le vent,,FY2010;0066
363,York,moe,,mont1268,-âstin-,C-I:1,,,,,,avec/par le vent,,final,II,,,,,-âsu-,,,,,,,,pît-âkune-y-âštan-,,,V,II,la neige pénètre avec le vent,,FY2010;0071
367,York,moe,,mont1268,-pit-,C-I:1,,,,,,signifie que l'action décrite dans l'initiale est faite en tirant quelque chose ou avec des mouvements brusques et rapides,,final,,,,,,,,,,,,,,picite-pit-,,,V,TI,faire de la poussière en courant,,FY2010;0070
368,York,moe,,mont1268,-n-,C-I:1,,,,,,"réfère à une action effectuée à l'aide des mains ou, par extension, à l'aide des pattes pour les animaux dans des verbs de mouvement libre",,final,,,,,,,,,,,,,,mwešt-na-,,,V,TI,arriver trop tard pour avoir qqch,,FY2010;0071
369,York,moe,,mont1268,-m-,C-I:1,,,,,,"en parlant, avec la voix",,final
370,York,moe,,mont1268,-aštâ-,C-I:1,,,,,,en posant les pieds de telle fac̹on,,final
371,York,moe,,mont1268,-cimî-,C-I:1,,,,,,"en se tenant, en s'appuyant",,final
372,York,moe,,mont1268,-kwâmu-,C-I:1,,,,,,en dormant,,final
373,York,moe,,mont1268,-akumu-,C-I:1,,,,,,en flottant,,final
374,York,moe,,mont1268,-âpišk-,C-I:1,,,,,,"minéral (montagne, rocher)",,medial
375,York,moe,,mont1268,-assu-,C-I:1,,,,,,vase,,medial
376,York,moe,,mont1268,-âwk-,C-I:1,,,,,,montagne,,medial
377,York,moe,,mont1268,-šek-,C-I:1,,,,,,escarpement rocheux,,medial
378,York,moe,,mont1268,-šiku-,C-I:1,,,,,,glace,,medial
379,York,moe,,mont1268,-atâwk-,C-I:1,,,,,,NG,,medial
380,York,moe,,mont1268,pim-,C-I:1,,,,,,mouvement non-orienté,,final
381,York,moe,,mont1268,papâm-,C-I:1,,,,,,mouvement non-orienté,,final,,Y
382,York,moe,,mont1268,-šk-,C-I:1,,,,,,NG,,medial
384,York,moe,,mont1268,lalim-,C-I:1,,,,,,déplacement effectué contre le sens du vent,,initial
385,York,moe,,mont1268,nânatû-,C-I:1,,,,,,à la recherche,,initial
386,York,moe,,mont1268,miluskam-,C-I:1,,,,,,au printemps,spring,initial
387,York,moe,,mont1268,šîkun-,C-I:1,,,,,,à la fonte des neiges,,initial
388,York,moe,,mont1268,nîpe-,C-I:1,,,,,,de nuit,night,initial
389,York,moe,,mont1268,tsetsišep-,C-I:1,,,,,,au matin,morning,initial
390,York,moe,,mont1268,wâpan-,C-I:1,,,,,,à l'aube,dawn,initial
391,York,moe,,mont1268,utâku-,C-I:1,,,,,,à la tombée du jour,dusk,initial
392,York,moe,,mont1268,peyku-,C-I:1,,,,,,un,,initial
393,York,moe,,mont1268,nîŝ-,C-I:1,,,,,,deux,two,initial
394,York,moe,,mont1268,ništw-,C-I:1,,,,,,trois,three,initial
395,York,moe,,mont1268,new-,C-I:1,,,,,,quatre,four,initial
396,York,moe,,mont1268,patetat-,C-I:1,,,,,,cinq,five,initial
397,York,moe,,mont1268,micet-,C-I:1,,,,,,plusieurs,several,initial
398,York,moe,,mont1268,tatu-,C-I:1,,,,,,tant,,initial
399,York,moe,,mont1268,-tipaykan-,C-I:1,,,,,,"mille, heure",,medial
400,York,moe,,mont1268,nestw-,C-I:1,,,,,,épuisé,sell out,initial
401,York,moe,,mont1268,nipâkwe-,C-I:1,,,,,,assoiffé,thirsty,initial
402,York,moe,,mont1268,câk-,C-I:1,,,,,,"saillant, en érection","protruding, erect",initial
403,York,moe,,mont1268,mišû-,C-I:1,,,,,,méfiant,wary,initial
404,York,moe,,mont1268,mweštât/š-,C-I:1,,,,,,"las, ennuyé","weary, bored",initial
405,York,moe,,mont1268,nâpew-,C-I:1,,,,,,viril,virile,initial
406,York,moe,,mont1268,îlin-,C-I:1,,,,,,"commun, comme les autres",common,initial
407,York,moe,,mont1268,kacîtâw-,C-I:1,,,,,,"sûr de soi, mature","self-confident, mature",initial
408,York,moe,,mont1268,acit-,C-I:1,,,,,,tête en bas ,upside down,initial
409,York,moe,,mont1268,etacin-,C-I:1,,,,,,sur le dos,,initial
410,York,moe,,mont1268,šît-,C-I:1,,,,,,"à l'étroit, serré, compressé","cramped, tight, compressed",initial
411,York,moe,,mont1268,nûtime-,C-I:1,,,,,,sans raquettes,,initial
412,York,moe,,mont1268,tsiškâ-,C-I:1,,,,,,en vitesse,,initial
413,York,moe,,mont1268,metinû-,C-I:1,,,,,,"lentement, graduellement","slowly, gradually",initial
414,York,moe,,mont1268,nekât-,C-I:1,,,,,,"lentement, péniblement","slowly, painfully",initial
415,York,moe,,mont1268,utam-,C-I:1,,,,,,"retardé, entravé","delayed, hindered",initial
416,York,moe,,mont1268,tatwe-,C-I:1,,,,,,bruyant,noisy,initial
417,York,moe,,mont1268,matwe-,C-I:1,,,,,,audible,audible,initial
419,York,moe,,mont1268,pâšk-,C-I:1,,,,,,"visible, à découvert","visible, exposed",initial
420,York,moe,,mont1268,kâtsîmâ-,C-I:1,,,,,,embusquer,ambush,initial
421,York,moe,,mont1268,tsîmût-,C-I:1,,,,,,"en cachette, en catimini",secret,initial
422,York,moe,,mont1268,îš-,C-I:1,,,,,,de cette fac̹on/direction,,initial,RR
423,York,moe,,mont1268,îšpiš-,C-I:1,,,,,,"de telle mesure/quantité/vitesse/grosseur, à tel moment",,initial,RR
424,York,moe,,mont1268,išk-,C-I:1,,,,,,fatigué,tired,initial
425,York,moe,,mont1268,šâkût/c-,C-I:1,,,,,,réussir,succeed,initial
426,York,moe,,mont1268,ûn-,C-I:1,,,,,,se tromper,mistake,initial
427,York,moe,,mont1268,nâm-,C-I:1,,,,,,mouvement de ressort,,initial
428,York,moe,,mont1268,nânâm-,C-I:1,,,,,,mouvement de ressort,,initial,,Y
429,York,moe,,mont1268,wîtsâwî-,C-I:1,,,,,,courir,run,initial
430,York,moe,,mont1268,aym-,C-I:1,,,,,,parler,speak,initial
431,York,moe,,mont1268,mîš-,C-I:1,,,,,,déféquer,defecate,initial
432,York,moe,,mont1268,nikamu-,C-I:1,,,,,,chanter,sing,initial
433,York,moe,,mont1268,šîšî-,C-I:1,,,,,,uriner,urinate,initial
434,York,moe,,mont1268,pîw-,C-I:1,,,,,,épars,scattered,initial
435,York,moe,,mont1268,nâci-,C-I:1,,,,,,aller vers (quelque part/qqch),go towards,initial
436,York,moe,,mont1268,-kâpû-,C-I:1,,,,,,posture,,final
437,Denny,moe,,mont1268,a·,C-I:3,,,,,,"extrinsic property, stative",,premedial,,,,,,,,,,ya·
438,Denny,moe,,mont1268,kam,C-I:3,,,,,,liquid,,medial
439,Denny,moe,,mont1268,a·,C-I:3,,,,,,NG,,final,II
440,Denny,moe,,mont1268,misi,C-I:3,,,,,,NG,,initial,,,,,,,,,,,,,,,,,,,,,,,,,,,,,,,,,,,,,,,,,,,,,,,,,,,"VMN: Likely means ""big"""
441,Denny,moe,,mont1268,wa·ce·,C-I:3,,,,,,NG,,initial,,,,,,,,,,,,,,,,,,,,,,,,,,,,,,,,,,,,,,,,,,,,,,,,,,,"VMN: Likely means ""bent"""
442,Denny,moe,,mont1268,takota·wi,C-I:3,,,,,,NG,,initial,,,,,,,,,,,,,,,,,,,,,,,,,,,,,,,,,,,,,,,,,,,,,,,,,,,"VMN: Likely means ""summit"""
443,Denny,moe,,mont1268,ša·po·,C-I:3,,,,,,NG,,initial,,,,,,,,,,,,,,,,,,,,,,,,,,,,,,,,,,,,,,,,,,,,,,,,,,,"VMN: Likely means ""through-way"""
444,Denny,moe,,mont1268,wa·še·,C-I:3,,,,,,NG,,initial,,,,,,,,,,,,,,,,,,,,,,,,,,,,,,,,,,,,,,,,,,,,,,,,,,,"VMN: Likely means ""clear"""
445,Denny,moe,,mont1268,ci·sse·k,C-I:3,,,,,,NG,,initial,,,,,,,,,,,,,,,,,,,,,,,,,,,,,,,,,,,,,,,,,,,,,,,,,,,"VMN: Likely means ""cliff"""
446,Denny,moe,,mont1268,ministikw,C-I:3,,,,,,NG,,initial,,,,,,,,,,,,,,,,,,,,,,,,,,,,,,,,,,,,,,,,,,,,,,,,,,,"VMN: Likely means ""of islands"""
447,Denny,moe,,mont1268,pi·ne·kw,C-I:3,,,,,,NG,,initial,,,,,,,,,,,,,,,,,,,,,,,,,,,,,,,,,,,,,,,,,,,,,,,,,,,"VMN: Likely means ""scratchy bottom"""
448,Denny,moe,,mont1268,pi·k,C-I:3,,,,,,NG,,initial,,,,,,,,,,,,,,,,,,,,,,,,,,,,,,,,,,,,,,,,,,,,,,,,,,,"VMN: Likely means ""turbid"""
449,Denny,moe,,mont1268,pi·ciše·y,C-I:3,,,,,,NG,,initial,,,,,,,,,,,,,,,,,,,,,,,,,,,,,,,,,,,,,,,,,,,,,,,,,,,"VMN: Likely means ""foggy"""
450,Denny,moe,,mont1268,minw,C-I:3,,,,,,NG,,initial,,,,,,,,,,mino,,,,,,,,,,,,,,,,,,,,,,,,,,,,,,,,,,,,,,,,,"VMN: likely means ""good"""
451,Denny,moe,,mont1268,ošk,C-I:3,,,,,,NG,,initial,,,,,,,,,,,,,,,,,,,,,,,,,,,,,,,,,,,,,,,,,,,,,,,,,,,"VMN: likely means ""young"""
452,Denny,moe,,mont1268,a·tik,C-I:3,,,,,,"sticks, evergreen trees",,medial
453,Denny,moe,,mont1268,pa·sti,C-I:3,,,,,,NG,,initial,,,,,,,,,,,,,,,,,,,,,,,,,,,,,,,,,,,,,,,,,,,,,,,,,,,"VMN: likely means ""split"""
454,Denny,moe,,mont1268,še·k,C-I:3,,,,,,"rocky outcropping, rocky hill",,medial,,,,,,,,,,še·c
455,Denny,moe,,mont1268,ši·t,C-I:3,,,,,,NG,,initial,,,,,,,,,,,,,,,,,,,,,,,,,,,,,,,,,,,,,,,,,,,,,,,,,,,"VMN: likely means ""tight distribution"""
456,Denny,moe,,mont1268,a·škw,C-I:3,,,,,,"trunks, limbs of trees or animals",,medial
457,Denny,moe,,mont1268,e·,C-I:3,,,,,,process,,premedial
