ID,Author Surname,Source Code,Page #,ISO code,Dialect,Glottocode,Form (original orthography),Orthography Key Code,Form (project orthography),UR (if given; if different),UR (project orthography),PA form (original orthography),PA form (project orthography),Translation,Tags,Component Type,Subcategory,Initial: Reduplicated,Final: concrete / abstract,Final: secondary (y/n/b),Base Category (if secondary)-A,Match AI,Match II,Match TA,Match TI,Allomorph-A,Condition-A,Allomorph-B,Condition-B,Component occurs in stem (orig. orth)-A,Component occurs in stem (proj. orth)-A,Stem UR-A,Stem category-A,Stem subcategory-A,Stem translation-A,Secondary stem-A,Stem Source-A,Component occurs in stem (orig. orth)-B,Component occurs in stem (proj. orth)-B,Stem UR-B,Stem category-B,Stem subcategory-B,Stem translation-B,Secondary stem-B,Stem Source-B,Component occurs in stem (orig. orth)-C,Component occurs in stem (proj. orth)-C,Stem UR-C,Stem category-C,Stem subcategory-C,Stem translation-C,Secondary stem-C,Stem Source-C,Component occurs in stem (orig. orth)-D,Component occurs in stem (proj. orth)-D,Stem UR-D,Stem category-D,Stem subcategory-D,Stem translation-D,Secondary stem-D,Stem Source-D,Formative/component occurs in what component(s)-A,Contains component (enter)-A,Contains formative (enter)-A,Deverbal (y/n),Deverbal from,Public Comments,Private Comments,Speaker,1st check done,2nd check done
165,Drapeau & Lambert-Bretiere,LD_RLB2011,"0293,0296,0300,0305",moe,,mont1268,-(â)kam-,C-I:1,,,,,,enclosed liquid,liquid (enclosed),medial,CLASS
166,Drapeau & Lambert-Bretiere,LD_RLB2011,0318,moe,,mont1268,-(â)ssû-,C-I:1,,,,,,viscous,viscous,medial,,,,,,,,,,,,,,,,,,,,,,,,,,,,,,,,,,,,,,,,,,,,,,,,,,,"p. 318: ""Could also be considered a verbal classifier. HOwever, it is not included in our count because of its obvious phonological relation to the noun -ašassu- 'mud'"" "
167,Drapeau & Lambert-Bretiere,LD_RLB2011,"0300,0301,0303,0305",moe,,mont1268,-(i)pê(k)-,C-I:1,,,,,,free-flowing liquid,"liquid (free-flowing), CLASSIFIER",medial,CLASS
168,Drapeau & Lambert-Bretiere,LD_RLB2011,"0300,0304,0307,0319",moe,,mont1268,-(i)tak-,C-I:1,,,,,,dry wood,wood (dry),medial,CLASS
191,Lambert-Bretiere,RLB2020,0104,moe,,mont1268,-a,C-I:Revised,,,,,,NG,,final,,,ABSTR,,,,,,,,,,,,,,,,,,,,,,,,,,,,,,,,,,,,,,,,,,,,,,,,,, 
192,Lambert-Bretiere,RLB2020,0106,moe,,mont1268,-a,C-I:Revised,,,,,,NG,,final,TI,,,,,,,,,,,,,minueńit-a,,,V,TI,to like,,RLB2020;0106,,,,,,,,,,,,,,,,,,,,,,,,,,,,,,,, 
193,Lambert-Bretiere,RLB2020,0107,moe,,mont1268,-a,C-I:Revised,,,,,,NG,,final,II,,,,,,,,,,,,,mish-ipe-a,,,V,II,to be a high level of liquid,,RLB2020;0107,,,,,,,,,,,,,,,,,,,,,,,,,,,,,,,, 
268,York,FY2010,"0011,0051,0052,0082",moe,,mont1268,-â-,C-I:1,,,,,,refers to different spatial states,state (spatial),final,,,ABSTR
169,Drapeau & Lambert-Bretiere,LD_RLB2011,0318,moe,,mont1268,-âcikw-,C-I:1,,,,,,otter,otter,medial
194,Lambert-Bretiere,RLB2020,0107,moe,,mont1268,-ai,C-I:Revised,,,,,,with instrument,INSTRUMENT,final,TI,,,,,,,-u,,,,,,mitshim-apishk-ai,,,V,TI,to hold in place with a mineral object,,RLB2020;0107,,,,,,,,,,,,,,,,,,,,,,,,,,,,,,,, 
195,Lambert-Bretiere,RLB2020,0108,moe,,mont1268,-ai,C-I:Revised,,,,,,by foot,"foot, INSTRUMENT",final,TI,,,,,,,,,,,,,matape-ssek-ai,,,V,TI,to arrive at the marsh on foot,,RLB2020;0108,,,,,,,,,,,,,,,,,,,,,,,,,,,,,,,, 
65,Drapeau,LD2011b,0510,moe,,mont1268,-âkan,C-I:1,,,,,,patientive nominal,"NOMINALIZER, PATIENT",final,AI,,,,,,-kan,,,,,,,,,,,,,,,,,,,,,,,,,,,,,,,,,,,,,,,,,,Y,,"LD: ""Note that Western dialects of Cree have different forms for passives of transitives (see Dahlstrom 1991, Wolfart 1991)"""
269,York,FY2010,0071,moe,,mont1268,-akumu-,C-I:1,,,,,,floating,float,final
170,Drapeau & Lambert-Bretiere,LD_RLB2011,0314,moe,,mont1268,-âkun-,C-I:1,,,,,,snow,"snow, INCORPORATED",medial,INCORP
171,Drapeau & Lambert-Bretiere,LD_RLB2011,0318,moe,,mont1268,-âkunak-,C-I:1,,,,,,snow,snow,medial
196,Lambert-Bretiere,RLB2020,0107,moe,,mont1268,-akunatsh,C-I:Revised,,,,,,snow,"snow, GENERIC",medial,GENERIC,,,,,,,,,,,,,kushiku-akunatsh-ish,,,V,AI,to be snow-heavy,,RLB2020;0107,,,,,,,,,,,,,,,,,,,,,,,,,,,,,,,, 
270,York,FY2013,n/a,moe,,mont1268,-akušî-,C-I:1,,,,,,"suspended, hanging","hanging, suspended",final,,,CONCR
66,Drapeau,LD2011a,0061,moe,,mont1268,-amaw,C-I:1,,,,,,applicative,APPLICATIVE,final,TA,,,Y,TI,,,,,,,,,,,,,,,,,,,,,,,,,,,,,,,,,,,,,,,,,,,,,,recipient,, 
197,Lambert-Bretiere,RLB2020,0106,moe,,mont1268,-amesh-,C-I:Revised,,,,,,fish,fish,medial,,,,,,,,,,,,,,,,,,,,,,,,,,,,,,,,,,,,,,,,,,,,,,,,,,,,, 
272,York,FY2010,0053,moe,,mont1268,-âmi-,C-I:1,,,,,,rock,rock,medial
198,Lambert-Bretiere,RLB2020,0107,moe,,mont1268,-an,C-I:Revised,,,,,,NG,,final,II,,,,,,,,,,,,,tshinu-apek-an,,,V,II,to be stringlike-long,,RLB2020;0107,,,,,,,,,,,,,,,,,,,,,,,,,,,,,,,, 
273,York,FY2010,0011,moe,,mont1268,-an-,C-I:1,,,,,,refers to various non-spatial states,state (non-spatial),final,,,ABSTR
1,Baraby et al,AMB_ET_AL2002,0004,moe,,mont1268,-ap- ,C-I:Standard,,,,,,eye,"eye, INCORPORATED",medial,INCORP,,,,,,,,,,,,,,,,,,,,,,,,,,,,,,,,,,,,,,,,,,,,,,,,,,Productive; not derived from noun; suppletive,, ,GVM,MAM
274,York,FY2010,0066,moe,,mont1268,-âpa-,C-I:1,,,,,,"by heat, by burning","burning, heat, INSTRUMENT",final,II,,,,,-âpas-
275,York,FY2010,"0066,0067",moe,,mont1268,-âpas-,C-I:1,,,,,,"by heat, by burning","burning, heat, INSTRUMENT",final,AI,,,,,,-âpa-,,,,,,,pet-i-kate-,,,V,II,"le feu approche, se propage par ici",,FY2010;0067,ûlwi-ti-kašu-,,,V,AI,sortir à cause de la chaleur,,FY2010;0067
172,Drapeau & Lambert-Bretiere,LD_RLB2011,"0293,0296,0300,0302",moe,,mont1268,-âpêk-,C-I:1,,,,,,stringlike,"stringlike, CLASSIFIER",medial,CLASS,,,,,,,,,-âpic-
276,York,FY2013,n/a,moe,,mont1268,-api-,C-I:1,,,,,,sitting,sit,final,,,CONCR
173,Drapeau & Lambert-Bretiere,LD_RLB2011,0318,moe,,mont1268,-âpikun-,C-I:1,,,,,,flower,flower,medial
174,Drapeau & Lambert-Bretiere,LD_RLB2011,"0293,0296,0300,0306",moe,,mont1268,-âpišk-,C-I:1,,,,,,mineral,"mineral, CLASSIFIER",medial,CLASS
3,Baraby et al,AMB_ET_AL2002,0004,moe,,mont1268,-apissikan- ,C-I:Standard,,,,,,chin,"chin, INCORPORATED",medial,INCORP,,,,,,,,,,,,,,,,,,,,,,,,,,,,,,,,,,,,,,,,,,,,,,,,,,,, ,GVM,MAM
4,Baraby et al,AMB_ET_AL2002,0003,moe,,mont1269,-apit-,C-I:Standard,,,,,,tooth,"tooth, INCORPORATED",medial,INCORP,,,,,,,,,,,,,uishau-ashku-apit-e-,,,V,AI,have yellow teeth,,AMB_ET_AL2002;0003,,,,,,,,,,,,,,,,,,,,,,,,,,,,,,,,,GVM,MAM
279,York,FY2010,"0052,0058,0064",moe,,mont1268,-âpuku-,C-I:1,,,,,,current force,"force, strength (current)",final,AI,,,,,,-âputê-
280,York,FY2010,"0027,0058,0064,0066",moe,,mont1268,-âputê-,C-I:1,,,,,,current force,"force, strength (current)",final,II,,,,,-âpuku-,,,,,,,,âm-âpu-,,,V,II,"être emporté en bas du rapide, de la chute par le courant",,FY2010;0066
281,York,FY2013,n/a,moe,,mont1268,-âšku,C-I:1,,,,,,long and rigid,"long, rigid, CLASSIFIER",medial,CLASS
284,York,FY2010,"0004,0063,0072,0075",moe,,mont1268,-assek-,C-I:1,,,,,,savannah,"savannah, INCORPORATED",medial,INCORP,,,,,,,,,-assec-
177,Drapeau & Lambert-Bretiere,LD_RLB2011,0318,moe,,mont1268,-assin-,C-I:1,,,,,,shoe,shoe,medial
285,York,FY2010,"0075,0078",moe,,mont1268,-assu-,C-I:1,,,,,,vase,vase,medial
286,York,FY2010,"0059,0060,0083,0091",moe,,mont1268,-aštâ-,C-I:1,,,,,,by portaging,"portage, INSTRUMENT",final,AI,,,,,,,,,,,,,kušp-âšku-štâ-,,,V,AI,il entre dans la forêt en faisant du portage,,FY2010;0060,,mây-šku-štâ-,,V,AI,faire du portage vers l'aval sur la glace,,FY2010;0073
287,York,FY2010,0071,moe,,mont1268,-aštâ-,C-I:1,,,,,,by placing the feet in such a way̹ on,"foot, place (V), INSTRUMENT",final
178,Drapeau & Lambert-Bretiere,LD_RLB2011,0318,moe,,mont1268,-aštimw-,C-I:1,,,,,,dog,dog,medial
288,York,FY2010,"0066,0071",moe,,mont1268,-âstin-,C-I:1,,,,,,with/by wind,"wind (N), INSTRUMENT",final,II,,,,,-âsu-,,,,,,,,pît-âkune-y-âštan-,,,V,II,la neige pénètre avec le vent,,FY2010;0071
289,York,FY2010,0066,moe,,mont1268,-âsu-,C-I:1,,,,,,with/by wind,"wind (N), INSTRUMENT",final,AI,,,,,,-âstin-,,,,,,,pâšk-a-tâwk-âšu-,,,V,AI,être complètement déterré par le vent,,FY2010;0066,wemâ-y-âšu-,,,V,AI,être emporté au-delà d'un point par le vent,,FY2010;0066
179,Drapeau & Lambert-Bretiere,LD_RLB2011,0314,moe,,mont1268,-atâwk-,C-I:1,,,,,,"an elevation of land, a hill","elevation, hill, land",medial,INCORP
202,Lambert-Bretiere,RLB2020,0107,moe,,mont1268,-atshakashu,C-I:Revised,,,,,,mink,mink,medial,GENERIC,,,,,,,,,,,,,nutsh-atshakashu-e,,,V,AI,to hunt mink,,RLB2020;0107,,,,,,,,,,,,,,,,,,,,,,,,,,,,,,,, 
67,Drapeau,LD2011a,0061,moe,,mont1268,-aw,C-I:1,,,,,,applicative,APPLICATIVE,final,TA,,,Y,TI,,,,,,,,,,,,,,,,,,,,,,,,,,,,,,,,,,,,,,,,,,,,,,beneficiary,, 
180,Drapeau & Lambert-Bretiere,LD_RLB2011,0300,moe,,mont1268,-âwk-,C-I:1,,,,,,granular,"granular, CLASSIFIER",medial,CLASS
292,York,FY2010,"0075,0078",moe,,mont1268,-âwk-,C-I:1,,,,,,mountain,mountain,medial
293,York,FY2010,"0043,0064",moe,,mont1268,-awku-,C-I:1,,,,,,with/by wave,"wave (N), INSTRUMENT",final,AI,,,,,,-âyn-
294,York,FY2010,0045,moe,,mont1268,-âwkun-,C-I:1,,,,,,back,back,medial
295,York,FY2010,"0013,0014,0017,0074",moe,,mont1268,-ay-,C-I:1,,,,,,"with a blow, with an instrument","blow (N), INSTRUMENT",final,TI,,CONCR,,,-ay-,,-w-
296,York,FY2010,"0045,0058,0059,0063",moe,,mont1268,-ay-,C-I:1,,,,,,"in the air, on the water, in a canoe, swimming","on water, canoe, swim, in air",,AI,,,,,,,-w-,-ay-
297,York,FY2010,"0052,0072,0078",moe,,mont1268,-ay-,C-I:1,,,,,,by crossing,"cross, INSTRUMENT",final,TI,,,,,,,,,,,,,šâk-âškw-ay-,,,V,TI,sortir du bois,,FY2010;0073,nâtakâm-essek-ay-,,,V,TI,"se diriger de la savane, de la tourbière vers la forêt",,FY2010;0073,nimitâw-ey-âwk-ay-,,,V,TI,s'éloigner de la forêt en direction du large en marchant sur le sable,,FY2010;0074
298,York,FY2010,0063,moe,,mont1268,-ay-,C-I:1,,,,,,"with a blow, with an instrument","blow (N), INSTRUMENT",final,AI,,,,,,,-w-,-ay-
299,York,FY2010,0063,moe,,mont1268,-ay-,C-I:1,,,,,,"on the water (canoeing, swimming), in the air or on foot","on water, canoe, swim, in air, on foot",final,TI,,,,,-ay-,,-w-
300,York,FY2010,"0043,0064",moe,,mont1268,-âyn-,C-I:1,,,,,,with/by wave,"wave (N), INSTRUMENT",final,II,,,,,-awku-
301,York,FY2010,0064,moe,,mont1268,-ci-,C-I:1,,,,,,"by cold, frost","cold, frost, INSTRUMENT",final,AI,,,,,,-tin-
302,York,FY2010,"0059,0060",moe,,mont1268,-cime-,C-I:1,,,,,,by traveling,"travel, INSTRUMENT",final,AI
303,York,FY2010,0071,moe,,mont1268,-cimî-,C-I:1,,,,,,"standing, leaning","lean (V), stand",final
6,Baraby et al,AMB_ET_AL2002,"0002,0003",moe,,mont1268,-e ,C-I:Standard,,,,,,NG,,final,,,,,,,,,,,,,,apishi-tun-e-,,,V,AI,have a small mouth,,AMB_ET_AL2002;0002,mamitsh-ashku-puam-e-,,,V,AI,have big thighs,,AMB_ET_AL2002;0002,kanu-ashku-titsh-e-,,,V,AI,have big hands,,AMB_ET_AL2002;0003,,,,,,,,,,,,,,,, ,GVM,MAM
203,Lambert-Bretiere,RLB2020,"0102,0107,0108",moe,,mont1268,-e ,C-I:Revised,,,,,,NG,,final,AI,,,,,,,,,,,,,mashku-shtikuan-e , ,,V,AI,to be hardheaded,,RLB2020;0102,mashku-e,,,,AI,to be hard,,RLB2020;0102,mashkhu-shtikuan-e-i,,,V,TA,to make someone stubborn,,RLB2020;0103,nutsh-atshakashu-e,,,V,AI,to hunt mink,RLB2020;0107,,,,,,,,, 
204,Lambert-Bretiere,RLB2020,0104,moe,,mont1268,-e ,C-I:Revised,,,,,,NG,,final,,,ABSTR,,,,,,,,,,,,,,,,,,,,,,,,,,,,,,,,,,,,,,,,,,,,,,,,,, 
304,York,FY2010,0011,moe,,mont1268,-ê-,C-I:1,,,,,,forms process verbs,PROCESS,final,,,ABSTR
182,Drapeau & Lambert-Bretiere,LD_RLB2011,"0300,0302,0318",moe,,mont1268,-êk-,C-I:1,,,,,,sheetlike,"sheetlike, CLASSIFIER",medial,CLASS,,,,,,,,,-êyêc-
305,York,FY2010,"0064,0078",moe,,mont1268,-ewe-,C-I:1,,,,,,noise,noise,medial,,,,,,,,,,,,,,naškwe-šin-,,,V,AI,"effleurer un objet en tombant, en se frappant, au passage",,FY2010;0065
205,Lambert-Bretiere,RLB2020,0103,moe,,mont1268,-i,C-I:Revised,,,,,,causative,CAUSATIVE,final,TA,,,Y,AI,,,,,,,,,mashkhu-shtikuan-e-i,,,V,TA,to make someone stubborn,,RLB2020;0103,,,,,,,,,,,,,,,,,,,,,,,,,,,,,,"L-B lists as ""radical""",, 
206,Lambert-Bretiere,RLB2020,0103,moe,,mont1268,-i,C-I:Revised,,,,,,NG,,final,AI,,,,,,,,,,,,,nip-i,,,V,AI,to be dead,,RLB2020;0103,itash-i,,,V,AI,"to be so many, to be numerous",,RLB2020;0103,,,,,,,,,,,,,,,,,,,,,,,, 
207,Lambert-Bretiere,RLB2020,0104,moe,,mont1268,-i,C-I:Revised,,,,,,NG,,final,TA,,,,,,,,,,,,,nipa-i,,,V,TA,to kill,,RLB2020;0104,nipa-i-ue,,,V,II,to kill,,RLB2020;0104,,,,,,,,,,,,,,,,,,,,,,,, 
208,Lambert-Bretiere,RLB2020,0105,moe,,mont1268,-i,C-I:Revised,,,,,,NG,,final,AI,,ABSTR,,,,,,,,,,,nipa-pic-i,,,V,AI,to travel by night dragging a sleigh,,RLB2020;0105,,,,,,,,,,,,,,,,,,,,,,,,,,,,,,,, 
307,York,FY2013,n/a,moe,,mont1268,-ikâpaw-,C-I:1,,,,,,standing,stand,final,,,CONCR
209,Lambert-Bretiere,RLB2020,0105,moe,,mont1268,-ikau,C-I:Revised,,,,,,with axe,"axe, INSTRUMENT",final,TA,,CONCR,,,,,,,,,,,shakutsh-ikau,,,V,TA,to split with an ax,,RLB2020;0105,,,,,,,,,,,,,,,,,,,,,,,,,,,,,,,, 
69,Drapeau,LD2011a,0061,moe,,mont1268,-im,C-I:1,,,,,,applicative,APPLICATIVE,final,TA,,,Y,TA,,,,,,,,,,,,,,,,,,,,,,,,,,,,,,,,,,,,,,,,,,,,,,possessor,, 
210,Lambert-Bretiere,RLB2020,0103,moe,,mont1268,-in,C-I:Revised,,,,,,NG,,final,TA,,,,,,,,,,,,,ut-in,,,V,TA,to take something (animate),,RLB2020;0103,,,,,,,,,,,,,,,,,,,,,,,,,,,,,,,, 
211,Lambert-Bretiere,RLB2020,0108,moe,,mont1268,-in,C-I:Revised,,,,,,by hand,"hand, INSTRUMENT",final,TA,,,,,,,,,,,,,shishu-ńushkuauatsh-in,,,V,TA,to cover with flour by hand,,RLB2020;0108,,,,,,,,,,,,,,,,,,,,,,,,,,,,,,,, 
213,Lambert-Bretiere,RLB2020,0107,moe,,mont1268,-ish,C-I:Revised,,,,,,NG,,final,AI,,,,,,,,,,,,,kushiku-akunatsh-ish,,,V,AI,to be snow-heavy,,RLB2020;0107,,,,,,,,,,,,,,,,,,,,,,,,,,,,,,,, 
7,Baraby et al,AMB_ET_AL2002,0003,moe,,mont1268,-ishit- ,C-I:Standard,,,,,,foot,"foot, INCORPORATED",medial,INCORP,,,,,,,,,,,,,kanu-apetsh-ishit-e-,,,V,AI,have long feet,,AMB_ET_AL2002;0003,,,,,,,,,,,,,,,,,,,,,,,,,,,,,,,, ,GVM,MAM
309,York,FY2013,n/a,moe,,mont1268,-išimu-,C-I:1,,,,,,"extended, lying","extended, lying (position)",final,,,CONCR
311,York,FY2010,0052,moe,,mont1268,-kam-,C-I:1,,,,,,lake,lake,final,,,CONCR
70,Drapeau,LD2011b,0510,moe,,mont1268,-kan,C-I:1,,,,,,patientive nominal,"NOMINALIZER, PATIENT",final,TI,,,,,,,-âkan,,,,,,,,,,,,,,,,,,,,,,,,,,,,,,,,,,,,,,,,,Y,,"LD: ""Note that Western dialects of Cree have different forms for passives of transitives (see Dahlstrom 1991, Wolfart 1991)"""
214,Lambert-Bretiere,RLB2020,0105,moe,,mont1268,-kan,C-I:Revised,,,,,,smell like,smell like,final,II,,CONCR,,,,,,,,,,,uishtimu-kan ,,,V,II,it smells like a dog,,RLB2020;0105,,,,,,,,,,,,,,,,,,,,,,,,,,,,,,,, 
312,York,FY2013,n/a,moe,,mont1268,-kâpû,C-I:1,,,,,,standing,stand,final,AI
8,Baraby et al,AMB_ET_AL2002,0004,moe,,mont1268,-kash- ,C-I:Standard,,,,,,nail,"nail, INCORPORATED",medial,INCORP,,,,,,,,,,,,,,,,,,,,,,,,,,,,,,,,,,,,,,,,,,,,,,,,,,nail' as in fingernail,, ,GVM,MAM
314,York,FY2010,"0058,0059,0062",moe,,mont1268,-kâši-,C-I:1,,,,,,on foot in the water,"in water, on foot",final,AI,,,,,,,,,,,,,âšû-kǎši-tatâ-,,,V,AI,emporte qqch d l'autre coté du cours d'eau à pied,,FY2010;0062
9,Baraby et al,AMB_ET_AL2002,0004,moe,,mont1268,-kat- ,C-I:Standard,,,,,,leg,"leg, INCORPORATED",medial,INCORP,,,,,,,,,,,,,,,,,,,,,,,,,,,,,,,,,,,,,,,,,,,,,,,,,,,, ,GVM,MAM
10,Baraby et al,AMB_ET_AL2002,0004,moe,,mont1268,-kuei- ,C-I:Standard,,,,,,neck,"neck, INCORPORATED",medial,INCORP,,,,,,,,,,,,,,,,,,,,,,,,,,,,,,,,,,,,,,,,,,,,,,,,,,,, ,GVM,MAM
11,Baraby et al,AMB_ET_AL2002,0004,moe,"Eastern: Lower North Shore communities (Mingan, Natashquan, La Romaine and St-Augustin) and Sheshatshiu (Labrador)",mont1268,-kut- ,C-I:Standard,,,,,,nose,"nose, INCORPORATED",medial,INCORP,,,,,,,,,,,,,,,,,,,,,,,,,,,,,,,,,,,,,,,,,,,,,,,,,,,, ,GVM,MAM
215,Lambert-Bretiere,RLB2020,0105,moe,,mont1268,-kute,C-I:Revised,,,,,,suspended,suspended,final,AI,,CONCR,,,,,,,,,,,kuishku-kute,,,V,AI,he is suspended straight,,RLB2020;0105,,,,,,,,,,,,,,,,,,,,,,,,,,,,,,,, 
316,York,FY2010,0071,moe,,mont1268,-m-,C-I:1,,,,,,"by speaking, with the voice","speak, voice, INSTRUMENT",final
216,Lambert-Bretiere,RLB2020,0106,moe,,mont1268,-mesh-,C-I:Revised,,,,,,fish,fish,medial,,,,,,,,,,,,,,,,,,,,,,,,,,,,,,,,,,,,,,,,,,,,,,,,,,,,, 
217,Lambert-Bretiere,RLB2020,0104,moe,,mont1268,-n,C-I:Revised,,,,,,NG,,final,,,ABSTR,,,,,,,,,,,,,,,,,,,,,,,,,,,,,,,,,,,,,,,,,,,,,,,,,, 
317,York,FY2010,0070,moe,,mont1268,-n-,C-I:1,,,,,,"refers to an action performed using the hands or, by extension, the paws for animals in free-motion verbs","hand, paw, INSTRUMENT",final,,,,,,,,,,,,,,mwešt-na-,,,V,TI,arriver trop tard pour avoir qqch,,FY2010;0071
318,York,FY2010,"0059,0060",moe,,mont1268,-nikâ-,C-I:1,,,,,,with sth. on the shoulders,on (shoulder),final,AI
319,York,FY2010,0053,moe,,mont1268,-nisse-,C-I:1,,,,,,hand,hand,medial
218,Lambert-Bretiere,RLB2020,0108,moe,,mont1268,-ńushkuauatsh,C-I:Revised,,,,,,flour,"flour, GENERIC",medial,GENERIC,,,,,,,,,,,,,shishu-ńushkuauatsh-in,,,V,TA,to cover with flour by hand,,RLB2020;0108,,,,,,,,,,,,,,,,,,,,,,,,,,,,,,,, 
320,York,FY2010,"0050,0063",moe,,mont1268,-pal-,C-I:1,,,,,,continuous motion,"continuous, motion, movement",final
321,York,FY2010,"0063,0066",moe,,mont1268,-pal-,C-I:1,,,,,,"continuous, fluid movement in water, on water or in flight and/or with a motor","continuous, in (flight), in (water), motion, movement"
71,Drapeau,LD1980,0315,moe,,mont1268,-pali-,C-I:2,,,,,,by movement,"movement, INSTRUMENT",final,V,,,,,,,,,,,,,pisti-pali-,,,V,V,move by accident (bouge par mégarde),,LD1980;0316,,,,V,V,,,,,,,,,,,,,,,,,,,,,,,,,In French.,,,MAM
322,York,FY2010,0053,moe,,mont1268,-pali-,C-I:1,,,,,,continuous movement,"continuous, motion, movement",final,AI
323,York,FY2010,0053,moe,,mont1268,-pali-,C-I:1,,,,,,continuous movement,"continuous, motion, movement",final,II
42,Brittain & Acton,JB_SA2014,0475,moe,,mont1268,-pan,C-I:1,,,,*-pali,,move,move,final,II
43,Brittain & Acton,JB_SA2014,0475,moe,,mont1268,-pan,C-I:1,,,,*-pali,,move,move,final,AI
324,York,FY2010,"0016,0046,0058,0061",moe,,mont1268,-patâ-,C-I:1,,,,,,"by running, by wheeled vehicle","run, vehicle (wheeled), INSTRUMENT",final,AI,,,,,,,,,,,,,ûlwî-patâ-,,,V,AI,sortir en courant,,FY2010;0055,matâ-pessec-i-patâ-,,,V,AI,"arriver à une savane, une tourbière en courant, en véhicule à roues",,FY2010;0073,lâlew-e-šku-patâ-,,,V,AI,courir le long du rivage sur la glace,,FY2010;0073
220,Lambert-Bretiere,RLB2020,0107,moe,,mont1268,-pemak-,C-I:Revised,,,,,,leaf,leaf,medial,,,,,,,,,,,,,,,,,,,,,,,,,,,,,,,,,,,,,,,,,,,,,,,,,,,compares to N nipish 'leaf',, 
327,York,FY2010,"0005,0059,0060,0072",moe,,mont1268,-pici-,C-I:1,,,,,,dragging a toboggan,"drag (sleigh, tobaggan)",final,AI
222,Lambert-Bretiere,RLB2020,0106,moe,,mont1268,-pim-,C-I:Revised,,,,,,grease,grease,medial,,,,,,,,,,,,,,,,,,,,,,,,,,,,,,,,,,,,,,,,,,,,,,,,,,,,, 
12,Baraby et al,AMB_ET_AL2002,0004,moe,,mont1268,-pishkueun- ,C-I:Standard,,,,,,hair,"hair, INCORPORATED",medial,INCORP,,,,,,,,,,,,,,,,,,,,,,,,,,,,,,,,,,,,,,,,,,,,,,,,,,,, ,GVM,MAM
13,Baraby et al,AMB_ET_AL2002,0005,moe,,mont1268,-pishkun- ,C-I:Standard,,,,,,back,"back, INCORPORATED",medial,INCORP,,,,,,,,,,,,,,,,,,,,,,,,,,,,,,,,,,,,,,,,,,,,,,,,,,,, ,GVM,MAM
328,York,FY2010,0070,moe,,mont1268,-pit-,C-I:1,,,,,,"means that the action described in the initial is performed by pulling something or with sudden, rapid movements","movement (sudden, rapid), pull",final,,,,,,,,,,,,,,picite-pit-,,,V,TI,faire de la poussière en courant,,FY2010;0070
14,Baraby et al,AMB_ET_AL2002,0004,moe,,mont1268,-pitun- ,C-I:Standard,,,,,,arm,"arm, INCORPORATED",medial,INCORP,,,,,,,,,,,,,,,,,,,,,,,,,,,,,,,,,,,,,,,,,,,,,,,,,,,, ,GVM,MAM
183,Drapeau & Lambert-Bretiere,LD_RLB2011,0318,moe,,mont1268,-ppun-,C-I:1,,,,,,"year, winter","winter, year",medial
72,Drapeau,LD1980,0315,moe,,mont1268,-puta·-,C-I:2,,,,,,saw something,saw,final,V,,,,,,,,,,,,,pisti-puta·-,,,V,TI,saw something by mistake (scie qque chose par erreur),,LD1980;0316,,,,V,V,,,,,,,,,,,,,,,,,,,,,,,,,"In French; marked as ""complex final""",,,MAM
184,Drapeau & Lambert-Bretiere,LD_RLB2011,0318,moe,,mont1268,-pwâm(e)-,C-I:1,,,,,,thigh,thigh,medial
329,York,FY2010,0053,moe,,mont1268,-šec-,C-I:1,,,,,,escarpment,escarpment,medial
330,York,FY2010,"0075,0078",moe,,mont1268,-šek-,C-I:1,,,,,,rocky escarpment,escarpment (rocky),medial
224,Lambert-Bretiere,RLB2020,0106,moe,,mont1268,-sh,C-I:Revised,,,,,,diminutive,DIMINUTIVE,final,AI,,,Y,TI,,-shi,,,,,,,,,,,,,,,,,,,,,,,,,,,,,,,,,,,,,,,,,,,,,, 
225,Lambert-Bretiere,RLB2020,0108,moe,,mont1268,-sham,C-I:Revised,,,,,,snowshoe,"snowshoe, GENERIC",medial,GENERIC,,,,,,,,,,,,,piku-sham-e,,,V,AI,to be broken snowshoes,,RLB2020;0108,,,,,,,,,,,,,,,,,,,,,,,,,,,,,,,, 
226,Lambert-Bretiere,RLB2020,0107,moe,,mont1268,-shetsh-,C-I:Revised,,,,,,cliff,cliff,medial,,,,,,,,,,,,,,,,,,,,,,,,,,,,,,,,,,,,,,,,,,,,,,,,,,,compares to N tshissekau 'cliff',, 
227,Lambert-Bretiere,RLB2020,0104,moe,,mont1268,-shi,C-I:Revised,,,,,,diminutive,DIMINUTIVE,final,II,,,Y,II,-sh,,,,,,,,,,,,,,,,,,,,,,,,,,,,,,,,,,,,,,,,,,,,,,, 
17,Baraby et al,AMB_ET_AL2002,0005,moe,,mont1268,-shikakun- ,C-I:Standard,,,,,,back of the knee,"back (knee), INCORPORATED",medial,INCORP,,,,,,,,,,,,,,,,,,,,,,,,,,,,,,,,,,,,,,,,,,,,,,,,,,,, ,GVM,MAM
18,Baraby et al,AMB_ET_AL2002,0005,moe,,mont1268,-shit- ,C-I:Standard,,,,,,foot,"foot, INCORPORATED",medial,INCORP,,,,,,,,,,,,,,,,,,,,,,,,,,,,,,,,,,,,,,,,,,,,,,,,,,,, ,GVM,MAM
228,Lambert-Bretiere,RLB2020,0105,moe,,mont1268,-shk,C-I:Revised,,,,,,with feet,"foot, INSTRUMENT",final,TI,,CONCR,,,,,,,,,,,ashtue-shk,,,V,TI,to extinguish with feet,,RLB2020;0105,,,,,,,,,,,,,,,,,,,,,,,,,,,,,,,, 
19,Baraby et al,AMB_ET_AL2002,0004,moe,,mont1268,-shkassikan- ,C-I:Standard,,,,,,chest,"chest, INCORPORATED",medial,INCORP,,,,,,,,,,,,,,,,,,,,,,,,,,,,,,,,,,,,,,,,,,,,,,,,,,,, ,GVM,MAM
20,Baraby et al,AMB_ET_AL2002,0004,moe,,mont1268,-shkatai- ,C-I:Standard,,,,,,belly,"belly, INCORPORATED",medial,INCORP,,,,,,,,,,,,,,,,,,,,,,,,,,,,,,,,,,,,,,,,,,,,,,,,,,,, ,GVM,MAM
21,Baraby et al,AMB_ET_AL2002,0004,moe,,mont1268,-shkatiku- ,C-I:Standard,,,,,,forehead,"forehead, INCORPORATED",medial,INCORP,,,,,,,,,,,,,,,,,,,,,,,,,,,,,,,,,,,,,,,,,,,,,,,,,,,, ,GVM,MAM
22,Baraby et al,AMB_ET_AL2002,0004,moe,,mont1268,-shtikuan- ,C-I:Standard,,,,,,head,"head, INCORPORATED",medial,INCORP,,,,,,,,,,,,,,,,,,,,,,,,,,,,,,,,,,,,,,,,,,,,,,,,,,,, ,GVM,MAM
230,Lambert-Bretiere,RLB2020,0105,moe,,mont1268,-shu,C-I:Revised,,,,,,by heat,"heat, INSTRUMENT",final,AI,,CONCR,,,,-te,,,,,,,apa-shu ,,,V,AI,he melts,,RLB2020;0105,,,,,,,,,,,,,,,,,,,,,,,,,,,,,,,, 
23,Baraby et al,AMB_ET_AL2002,0005,moe,,mont1268,-shukun- ,C-I:Standard,,,,,,hip,"hip, INCORPORATED",medial,INCORP,,,,,,,,,,,,,,,,,,,,,,,,,,,,,,,,,,,,,,,,,,,,,,,,,,,, ,GVM,MAM
331,York,FY2010,"0075,0078",moe,,mont1268,-šiku-,C-I:1,,,,,,ice,ice,medial
333,York,FY2013,n/a,moe,,mont1268,-šimu,C-I:1,,,,,,lying,lie (position),final,AI
336,York,FY2010,"0063,0074,0075",moe,,mont1268,-šin-,C-I:1,,,,,,in contact with an object or surface,"contact, lie (position)",final,AI,,,,,,-tin-
339,York,FY2010,"0017,0053,0075,0076",moe,,mont1268,-šk-,C-I:1,,,,,,with the feet,"foot, INSTRUMENT",final,TI
342,York,FY2010,0081,moe,,mont1268,-šk-,C-I:1,,,,,,NG,,medial
343,York,FY2010,"0059,0060",moe,,mont1268,-škâ-,C-I:1,,,,,,"canoeing, swimming","canoe, swim",final,AI,,,,,,,,,,,,,atim-i-škâ-,,,V,AI,s'éloigne en canot,,FY2010;0060
231,Lambert-Bretiere,RLB2020,0108,moe,,mont1268,-ssek,C-I:Revised,,,,,,marsh,"marsh, GENERIC",medial,GENERIC,,,,,,,,,,,,,matape-ssek-ai,,,V,TI,to arrive at the marsh on foot,,RLB2020;0108,,,,,,,,,,,,,,,,,,,,,,,,,,,,,,,, 
24,Baraby et al,AMB_ET_AL2002,0004,moe,"Western: Betsiamites, Uashat (Sept-Iles)/Maliotenam and Schefferville (Matimekosh)",mont1268,-ssun- ,C-I:Standard,,,,,,nose,"nose, INCORPORATED",medial,INCORP,,,,,,,,,,,,,,,,,,,,,,,,,,,,,,,,,,,,,,,,,,,,,,,,,,,, ,GVM,MAM
73,Drapeau,LD2011a,0061,moe,,mont1268,-štam,C-I:1,,,,,,applicative,APPLICATIVE,final,AI,,,Y,TI,,-štaw,,,,,,,,,,,,,,,,,,,,,,,,,,,,,,,,,,,,,,,,,,,,locational reference,, 
74,Drapeau,LD2011a,0061,moe,,mont1268,-štaw,C-I:1,,,,,,applicative,APPLICATIVE,final,AI,,,Y,TA,,-štam,,,,,,,,,,,,,,,,,,,,,,,,,,,,,,,,,,,,,,,,,,,,locational reference,, 
344,York,FY2010,"0058,0071",moe,,mont1268,-t-,C-I:1,,,,,,with the mouth,"mouth, INSTRUMENT",final,,,,,,,,,,,,,,pet-w-ewe-t-,,,V,TI,"se viendre, approche avec des bruîts de voix",,FY2010;0071
345,York,FY2010,"0059,0061",moe,,mont1268,-tâcimu-,C-I:1,,,,,,by dragging (reflexive),"drag, INSTRUMENT, REFLEXIVE",final,AI
346,York,FY2010,"0043,0059,0061",moe,,mont1268,-tâpâcim-,C-I:1,,,,,,by dragging someone,"drag, haul, pull, INSTRUMENT",final,TA,,,Y
347,York,FY2010,"0059,0060,0061",moe,,mont1268,-tâpe-,C-I:1,,,,,,by dragging,"drag, haul, pull, INSTRUMENT",final,AI
25,Baraby et al,AMB_ET_AL2002,0005,moe,,mont1268,-tashtan-,C-I:Standard,,,,,,calf,"calf, INCORPORATED",medial,INCORP,,,,,,,,,,,,,,,,,,,,,,,,,,,,,,,,,,,,,,,,,,,,,,,,,,,, ,GVM,MAM
348,York,FY2010,"0059,0060,0061,0074",moe,,mont1268,-tatâ-,C-I:1,,,,,,carrying sb./sth. in the arms,carry (in arms),final,AI,,,,,,,-tay-,,,,,,âmacwe-tatâ-,,,V,AI,il gravit une pente en emportant qqch dans les bras,,FY2010;0062,âšû-kǎši-tatâ-,,,V,AI,emporte qqch d l'autre coté du cours d'eau à pied,,FY2010;0062
349,York,FY2010,"0059,0060,0062,0074",moe,,mont1268,-tay-,C-I:1,,,,,,carrying sb./sth. in the arms,carry (in arms),final,TA,,,,,-tatâ-
232,Lambert-Bretiere,RLB2020,0105,moe,,mont1268,-te,C-I:Revised,,,,,,by heat,"heat, INSTRUMENT",final,II,,CONCR,,,-shu,,,,,,,,apa-te ,,,V,II,it melts,,RLB2020;0105,,,,,,,,,,,,,,,,,,,,,,,,,,,,,,,, 
350,York,FY2010,"0045,0053,0072,0073",moe,,mont1268,-te-,C-I:1,,,,,,on foot,on foot,final,AI,,,,,,,,,,,,,nânatw-âpišwe-te-,,,V,AI,être à la recherche du loup-cervier à pied,,FY2010;0072,pâm-išku-te-,,,V,AI,effectuer un trajet sur la glace à pied,,FY2010;0073
26,Baraby et al,AMB_ET_AL2002,0005,moe,,mont1268,-tikuai-,C-I:Standard,,,,,,armpit,"armpit, INCORPORATED",medial,INCORP,,,,,,,,,,,,,,,,,,,,,,,,,,,,,,,,,,,,,,,,,,,,,,,,,,,, ,GVM,MAM
351,York,FY2010,0063,moe,,mont1268,-tin-,C-I:1,,,,,,in contact with an object or surface,contact,final,II,,,,,-šin-
354,York,FY2010,0064,moe,,mont1268,-tin-,C-I:1,,,,,,"by cold, frost","cold, frost, INSTRUMENT",final,II,,,,,-ci-
355,York,FY2010,"0059,0060",moe,,mont1268,-tinice-,C-I:1,,,,,,with a canoe on the back,with (canoe on back),final,AI
356,York,FY2010,0085,moe,,mont1268,-tipaykan-,C-I:1,,,,,,"thousand, hour","hour, thousand",medial
27,Baraby et al,AMB_ET_AL2002,0004,moe,"Western: Betsiamites, Uashat (Sept-Iles)/Maliotenam and Schefferville (Matimekosh)",mont1268,-tishi- ,C-I:Standard,,,,,,navel,"navel, INCORPORATED",medial,INCORP,,,,,,,,,,,,,,,,,,,,,,,,,,,,,,,,,,,,,,,,,,,,,,,,,,,, ,GVM,MAM
357,York,FY2010,"0059,0060",moe,,mont1268,-tišimu-,C-I:1,,,,,,fleeing,flee,final,AI,,,,,,,,,,,,,kušp-âšku-tišimu-,,,V,AI,il se sauve dans la forêt,,FY2010;0060
233,Lambert-Bretiere,RLB2020,0107,moe,,mont1268,-tita,C-I:Revised,,,,,,by movement,"movement, INSTRUMENT",final,AI,,,,,,,,,,,,,natuai-ashku-tita,,,V,AI,to split something long and rigid by movement,,RLB2020;0107,,,,,,,,,,,,,,,,,,,,,,,,,,,,,,"marked as AIT; in [[natuai-ashku-tita]-pan] ushtashk, ""he has split the handle of his ax""; in abbreviations footnote she says: AIT: animate intransitive-transitive inanimate",, 
29,Baraby et al,AMB_ET_AL2002,0004,moe,,mont1268,-titiman- ,C-I:Standard,,,,,,shoulder,"shoulder, INCORPORATED",medial,INCORP,,,,,,,,,,,,,,,,,,,,,,,,,,,,,,,,,,,,,,,,,,,,,,,,,,,, ,GVM,MAM
30,Baraby et al,AMB_ET_AL2002,"0003,0005",moe,,mont1268,-titsh- ,C-I:Standard,,,,,,hand,"hand, INCORPORATED",medial,INCORP,,,,,,,,,,,,,kanu-ashku-titsh-e-,,,V,AI,have big hands,,AMB_ET_AL2002;0003,,,,,,,,,,,,,,,,,,,,,,,,,,,,,,Double medial in example,, ,GVM,MAM
31,Baraby et al,AMB_ET_AL2002,0004,moe,,mont1268,-tshikun- ,C-I:Standard,,,,,,knee,"knee, INCORPORATED",medial,INCORP,,,,,,,,,,,,,,,,,,,,,,,,,,,,,,,,,,,,,,,,,,,,,,,,,,,, ,GVM,MAM
75,Drapeau,LD2011a,"0059,0061",moe,,mont1268,-ttam,C-I:1,,,,,,applicative,APPLICATIVE,final,TI,,,Y,AI,,,-ttaw,,,,,,,,,,,,,,,,,,,,,,,,,,,,,,,,,,,,,,,,,,,multiple roles (other than those above),, 
76,Drapeau,LD2011a,"0059,0061",moe,,mont1268,-ttaw,C-I:1,,,,,,applicative,APPLICATIVE,final,TA,,,Y,AI,,,,-ttam,,,,,,,,,,,,,,,,,,,,,,,,,,,,,,,,,,,,,,,,,,multiple roles (other than those above),, 
32,Baraby et al,AMB_ET_AL2002,0004,moe,,mont1268,-tukan- ,C-I:Standard,,,,,,hip,"hip, INCORPORATED",medial,INCORP,,,,,,,,,,,,,,,,,,,,,,,,,,,,,,,,,,,,,,,,,,,,,,,,,,"From Drapeau 1990: utukan 'tête, col de fémur'",, ,GVM,MAM
33,Baraby et al,AMB_ET_AL2002,0002,moe,,mont1268,-tun- ,C-I:Standard,,,,,,mouth,"mouth, INCORPORATED",medial,INCORP,,,,,,,,,,,,,apishi-tun-e-,,,V,AI,have a small mouth,,AMB_ET_AL2002;0002,,,,,,,,,,,,,,,,,,,,,,,,,,,,,,,, ,GVM,MAM
35,Baraby et al,AMB_ET_AL2002,0004,moe,,mont1268,-tushkun-  ,C-I:Standard,,,,,,elbow,"elbow, INCORPORATED",medial,INCORP,,,,,,,,,,,,,,,,,,,,,,,,,,,,,,,,,,,,,,,,,,,,,,,,,,,, ,GVM,MAM
36,Baraby et al,AMB_ET_AL2002,0005,moe,,mont1268,-tutan-,C-I:Standard,,,,,,heel,"heel, INCORPORATED",medial,INCORP,,,,,,,,,,,,,,,,,,,,,,,,,,,,,,,,,,,,,,,,,,,,,,,,,,,, ,GVM,MAM
359,York,FY2010,"0059,0060",moe,,mont1268,-tûte-,C-I:1,,,,,,with sth. on the back,on (back),final,AI
37,Baraby et al,AMB_ET_AL2002,0004,moe,,mont1268,-tutsh- ,C-I:Standard,,,,,,ear,"ear, INCORPORATED",medial,INCORP,,,,,,,,,,,,,,,,,,,,,,,,,,,,,,,,,,,,,,,,,,,,,,,,,,,, ,GVM,MAM
190,Junker,MOJ2003a,0326,moe,,mont1268,-u,C-I:1,,,,,,REL,RELATIVE,final,TA,,,Y,,,,,,,,,,,,,V,TA,happy (in relation to),minuenitam-u-,MOJ2003a;0326,,,,,,,,,,,,,,,,,,,,,,,,,,,,,,relational
235,Lambert-Bretiere,RLB2020,0103,moe,,mont1268,-u,C-I:Revised,,,,,,NG,,final,TA,,,,,,,,,,,,,pita-u,,,V,TA,to thin something (animate),,RLB2020;0103,,,,,,,,,,,,,,,,,,,,,,,,,,,,,,,, 
236,Lambert-Bretiere,RLB2020,0104,moe,,mont1268,-u,C-I:Revised,,,,,,be,be,final,AI,,,Y,N,,-u,,,,,,,auass-u,,,V,AI,to be young,,RLB2020;0104,,,,,,,,,,,,,,,,,,,,,,,,,,,,,,,, 
237,Lambert-Bretiere,RLB2020,0104,moe,,mont1268,-u,C-I:Revised,,,,,,be,be,final,II,,,Y,N,-u,,,,,,,,kun-u,,,V,II,to be snow,,RLB2020;0104,,,,,,,,,,,,,,,,,,,,,,,,,,,,,,,, 
238,Lambert-Bretiere,RLB2020,0106,moe,,mont1268,-u,C-I:Revised,,,,,,with instrument,INSTRUMENT,final,TA,,,,,,,,-ai,,,,,akun-u,,,V,TA,to cover with instrument,,RLB2020;0106,,,,,,,,,,,,,,,,,,,,,,,,,,,,,,"L-B treats final as portmanteau concrete+abstract""",, 
239,Lambert-Bretiere,RLB2020,0104,moe,,mont1268,-ue,C-I:Revised,,,,,,antip.,ANTIPASSIVE,final,II,,,Y,TA,-ue,,,,,,,,nipa-i-ue,,,V,II,to kill,,RLB2020;0104,,,,,,,,,,,,,,,,,,,,,,,,,,,,,,,, 
240,Lambert-Bretiere,RLB2020,0104,moe,,mont1268,-ue,C-I:Revised,,,,,,antip.,ANTIPASSIVE,final,AI,,,Y,TA,,-ue,,,,,,,nipa-i-ue,,,V,II,to kill,,RLB2020;0104,,,,,,,,,,,,,,,,,,,,,,,,,,,,,,,, 
360,York,FY2010,"0006,0055,0057,0058",moe,,mont1268,-ute-,C-I:1,,,,,,on foot,on foot,final,AI
77,Drapeau,LD2011a,0061,moe,,mont1268,-w,C-I:1,,,,,,applicative,APPLICATIVE,final,AI,,,Y,TI,,,,,,,,,,,,,,,,,,,,,,,,,,,,,,,,,,,,,,,,,,,,,,possessor,, 
79,Drapeau,LD2011a,0061,moe,,mont1268,-w,C-I:1,,,,,,applicative,APPLICATIVE,final,TA,,,Y,TI,,,,,,,,,,,,,,,,,,,,,,,,,,,,,,,,,,,,,,,,,,,,,,possessor,, 
362,York,FY2010,0063,moe,,mont1268,-w-,C-I:1,,,,,,with a blow or instrument,"blow (N), INSTRUMENT",final,TA,,,,,-ay-,,,-ay-
363,York,FY2010,0063,moe,,mont1268,-w-,C-I:1,,,,,,"on the water (canoeing, swimming), in the air or on foot","on water, canoe (V), swim, in air, on foot",final,TA,,,,,-ay-,,,-ay-
81,Drapeau,LD2011a,0061,moe,,mont1268,-wâcê,C-I:1,,,,,,applicative,APPLICATIVE,final,TA,,,Y,AI+O,,,,,,,,,,,,,,,,,,,,,,,,,,,,,,,,,,,,,,,,,,,,,,instrument,, 
82,Drapeau,LD2011b,"0493,0502,0503,0504",moe,,mont1268,â-,C-I:1,,,,,,NG,,final,II,,,,,iši-
83,Drapeau,LD2011b,"0501,0504",moe,,mont1268,â-,C-I:1,,,,,,extension in space,extension (in space),final,II,,ABSTR
44,Denny,JPD1974,0339,moe,,mont1268,a·,C-I:3,,,,,,"extrinsic property, stative","property (extrinsic), STATE",premedial,,,,,,,,,,ya·
45,Denny,JPD1974,0340,moe,,mont1268,a·,C-I:3,,,,,,NG,,final,II
84,Drapeau,LD1980,0317,moe,,mont1268,a·,C-I:2,,,,,,NG,,final,V,,ABSTR,Y,PART,,,,,,,,,kwi·šku-pat-a·,,,V,V,motorize right (motorisé droit),,LD1980;0317,pisti-pat-a·-,,,V,V,go the wrong way (se trompe de route),,LD1980;0319,pisti-št-a·-,,,V,V,place by mistake (placé par erreur),,LD1980;0319,,,,,,,,,,,,,,In French.,,,MAM
85,Drapeau,LD1980,0318,moe,,mont1268,a·pika·t,C-I:2,,,,,,attachment,attachment,final,V,,CONCR,B,PART,,,,,,,,,kwi·šku-a·pika·t-am,,,V,V,attach right (attache qqch droit),,LD1980;0318,pisti-a·pika·t-am-,,,V,V,attach by mistake (attache par erreur),,LD1980;0319,,,,,,,,,,,,,,,,,,,,,,In French.,,,MAM
46,Denny,JPD1974,0342,moe,,mont1268,a·škw,C-I:3,,,,,,"trunks, limbs of trees or animals","limb (animal, tree)
trunk",medial
86,Drapeau,LD1980,0319,moe,,mont1268,a·spi,C-I:2,,,,,,dressed,dressed,final,,,CONCR,,,,,,,,,,,,,,,,,,,,,,,,,,,,,,,,,,,,,,,,,,,,,,,,In French.
87,Drapeau,LD1980,0319,moe,,mont1268,a·st-,C-I:2,,,,,,carried by the wind,"blown, carried",final,,,CONCR,,,,,,,,,,,,,,,,,,,,,,,,,,,,,,,,,,,,,,,,,,,,,,,,In French.,,,MAM
47,Denny,JPD1974,0342,moe,,mont1268,a·tik,C-I:3,,,,,,"sticks, evergreen trees","stick, tree (evergreen)",medial
88,Drapeau,LD1980,0319,moe,,mont1268,a·w-,C-I:2,,,,,,take something away,take away,final,,,CONCR,,,,,,,,,,,,,,,,,,,,,,,,,,,,,,,,,,,,,,,,,,,,,,,,In French.,,,MAM
89,Drapeau,LD1980,0319,moe,,mont1268,a·y-,C-I:2,,,,,,arranged in space,arranged (in space),final,,,CONCR,,,,,,,,,,,,,,,,,,,,,,,,,,,,,,,,,,,,,,,,,,,,,,,,In French.,,,MAM
364,York,FY2010,0087,moe,,mont1268,acit-,C-I:1,,,,,,upside down,upside down,initial
366,York,FY2010,0087,moe,,mont1268,âkaw-,C-I:1,,,,,,behind,behind,initial
90,Drapeau,LD1980,0320,moe,,mont1268,aku,C-I:2,,,,,,suspend,suspend,final,,,CONCR,,,,,,,,,,,,,,,,,,,,,,,,,,,,,,,,,,,,,,,,,,,,,,,,In French.
367,York,FY2010,0017,moe,,mont1268,akun-,C-I:1,,,,,,cover,cover,initial
92,Drapeau,LD2011b,0504,moe,,mont1268,âkunak-,C-I:1,,,,,,snow,snow,medial
369,York,FY2010,0013,moe,,mont1268,alakassi-,C-I:1,,,,,,large,large,initial
93,Drapeau,LD2011b,0501,moe,,mont1268,âlim-,C-I:1,,,,,,difficult,difficult,initial
94,Drapeau,LD1980,0317,moe,,mont1268,am,C-I:2,,,,,,installed,installed,final,V,,CONCR,Y,PART,,,,,,,,,kwi·šku-am-u,,,V,V,install right (installé droit),,LD1980;0317,pisti-am-u-,,,V,V,install by mistake (installé par erreur),,LD1980;0319,,,,,,,,,,,,,,,,,,,,,,In French.,,,MAM
95,Drapeau,LD1980,0318,moe,,mont1268,am,C-I:2,,,,,,NG,,final,V,,ABSTR,,,,,,,,,,,kwi·šku-a·pika·t-am,,,V,V,attach right (attache qqch droit),,LD1980;0318,kwi·šku-kwa·t-am-,,,V,V,sew something right (coud qqch droit),,LD1980;0318,kwi·šku-kut-am,,,V,,dole out right with tongs (dole qqch droit au couteau croche),,LD1980;0318,kwi·šku-š-am,,,V,,cut something right (coupe qqch droit),,LD1980;0318,,,,,,In French; Looks like LD is saying this is incompatible with 3s inflection,,,MAM
96,Drapeau,LD2011b,0493,moe,,mont1268,am-,C-I:1,,,,,,NG,,final,TA,,,,,,,,at-,,,,,,,,,,,,,,,,,,,,,,,,,,,,,,,,,,,,,,,,,,,, 
370,York,FY2010,"0017,0050,0052,0053",moe,,mont1268,âm-,C-I:1,,,,,,angle,angle,initial
371,York,FY2010,"0043,0053",moe,,mont1268,âmacwe-,C-I:1,,,,,,climb,climb,initial
97,Drapeau,LD2011b,0502,moe,,mont1268,âmišk-,C-I:1,,,,,,pebbles,pebble,medial
98,Drapeau,LD1980,0317,moe,,mont1268,ap,C-I:2,,,,,,sitting,sit,final,V,,CONCR,Y,PART,,,,,,,,,kwi·šku-ap-i,,,V,V,sit straight (droit assis),,LD1980;0317,pisti-ap-i-,,,V,V,sit by mistake (assis par erreur),,LD1980;0319,,,,,,,,,,,,,,,,,,,,,,In French.,,,MAM
242,Lambert-Bretiere,RLB2020,0105,moe,,mont1268,apa,C-I:Revised,,,,,,melt,melt,initial,,,,,,,,,,,,,,apa-shu,,,V,AI,he melts,,RLB2020;0105,,apa-te,,V,II,it melts,,RLB2020;0105,,,,,,,,,,,,,,,,,,,,,,,, 
38,Baraby et al,AMB_ET_AL2002,0002,moe,,mont1268,apishi-,C-I:Standard,,,,,,small,small,initial,,,,,,,,,,,,,,apishi-tun-e-,,,V,AI,have a small mouth,,AMB_ET_AL2002;0002,,,,,,,,,,,,,,,,,,,,,,,,,,,,,,Called a root in the source,, ,GVM,MAM
99,Drapeau,LD2011b,0506,moe,,mont1268,âpišk-,C-I:1,,,,,,mineral,mineral,medial
100,Drapeau,LD2011b,0502,moe,,mont1268,âpušt-,C-I:1,,,,,,burnt area,burnt,medial
243,Lambert-Bretiere,RLB2020,0105,moe,,mont1268,ashtue,C-I:Revised,,,,,,extinguish,extinguish,initial,,,,,,,,,,,,,,ashtue-shk,,,V,TI,to extinguish with feet,,RLB2020;0105,,,,,,,,,,,,,,,,,,,,,,,,,,,,,,,, 
101,Drapeau,LD2011b,0506,moe,,mont1268,assêk-,C-I:1,,,,,,muskeg,muskeg,medial,INCORP
102,Drapeau,LD1980,0319,moe,,mont1268,ast-,C-I:2,,,,,,located,located,final,,,CONCR,,,,,,,,,,,,,,,,,,,,,,,,,,,,,,,,,,,,,,,,,,,,,,,,In French.,,,MAM
103,Drapeau,LD2011b,"0499,0500",moe,,mont1268,âštan-,C-I:1,,,,,,wind force,force (wind),final,II,,,,,âšu-
372,York,FY2010,0053,moe,,mont1268,âstanitâtsi-,C-I:1,,,,,,approach,approach,initial,,,,,,,,,,,,,,,,,,,,,,,,,,,,,,,,,,,,,,,,,,,,,,,,,,,Complex initial
104,Drapeau,LD2011b,0500,moe,,mont1268,âšu-,C-I:1,,,,,,wind force,force (wind),final,AI,,,,,,âštan-
105,Drapeau,LD2011b,0493,moe,,mont1268,at-,C-I:1,,,,,,NG,,final,TI,,,,,,,am-
373,York,FY2010,"0052,0060,0063,0087",moe,,mont1268,atim-,C-I:1,,,,,,in the opposite direction,direction (opposite),initial,,,,,,,,,,,,,,atim-i-škâ-,,,V,AI,s'éloigne en canot,,FY2010;0060,atim-i-pali-,,,V,AI,"s'éloigne au vol, en embarcation, aɛ moteur, à la nage sous l'eau",,Fy2010;0064,atim-api-,,,V,AI,être assis le dos tourné,,FY2010;0069
244,Lambert-Bretiere,RLB2020,0104,moe,,mont1268,atuss,C-I:Revised,,,,,,NG,,initial,,,,,,,,,,,,,,,,,,,,,,,,,,,,,,,,,,,,,,,,,,,,,,,,,,,"used in ""'he works' [process]""",, 
375,York,FY2010,0027,moe,,mont1268,awkâ-,C-I:1,,,,,,failed,failed,initial
185,Drapeau & Lambert-Bretiere,LD_RLB2011,0301,moe,,mont1268,âwš-,C-I:1,,,,,,transport,transport,initial,,,,,,,,,,,,,,,,âwšipê-,V,,to carry water,,LD_RLB2011;0301
376,York,FY2010,0014,moe,,mont1268,âyâkatw-,C-I:1,,,,,,move,move,initial
377,York,FY2010,0092,moe,,mont1268,aym-,C-I:1,,,,,,speak,speak,initial
378,York,FY2010,0087,moe,,mont1268,câk-,C-I:1,,,,,,"protruding, erect","erect, protrude",initial
48,Denny,JPD1974,0340,moe,,mont1268,ci·sse·k,C-I:3,,,,,,NG,,initial,,,,,,,,,,,,,,,,,,,,,,,,,,,,,,,,,,,,,,,,,,,,,,,,,,,"VMN: Likely means ""cliff"""
108,Drapeau,LD2011b,0506,moe,,mont1268,cikâ-,C-I:1,,,,,,cleft,cleft,initial
109,Drapeau,LD2011b,0506,moe,,mont1268,cîkâ-,C-I:1,,,,,,clear,clear,initial
110,Drapeau,LD2011b,0499,moe,,mont1268,cînikwân-,C-I:1,,,,,,round,round,initial,,,,,,,,,,,,,,,,,,,,,,,,,,,,,,,,,,,,,,,,,,,,,,,,,,,"Unclear if this is initial-medial, but seems most likely"
379,York,FY2010,0005,moe,,mont1268,cišû-,C-I:1,,,,,,exasperated,exasperated,initial
111,Drapeau,LD2011b,0502,moe,,mont1268,ê-,C-I:1,,,,,,NG,,final,II
49,Denny,JPD1974,0342,moe,,mont1268,e·,C-I:3,,,,,,process,process,premedial
112,Drapeau,LD1980,0317,moe,,mont1268,e·,C-I:2,,,,,,NG,,final,V,,ABSTR,Y,PART,,,,,,,,,kwi·šku-st-e·,,,V,V,place right (placé droit),,LD1980;0317,kwi·šku-t-e·,,,V,V,walk straight (marche droit),,LD1980;0317,,,,,,,,,,,,,,,,,,,,,,In French.,,,MAM
380,York,FY2010,0087,moe,,mont1268,etacin-,C-I:1,,,,,,on the back,on (back),initial
113,Drapeau,LD1980,0320,moe,,mont1268,eye·sku-,C-I:2,,,,,,be tired,tired,initial,,,,,,,,,,,,,,,,,,,,,,,,,,,,,,,,,,,,,,,,,,,,,,,,,,,In French.
114,Drapeau,LD1980,0317,moe,,mont1268,i,C-I:2,,,,,,NG,,final,V,,ABSTR,Y,PART,,,,,,,,,kwi·šku-pal-i-,,,V,V,move straight (bouge droit),,LD1980;0317,kwi·šku-kaš-i,,,V,V,cook right (cuit droit),,LD1980;0317,kwi·šku-pats·i,,,V,V,go in toboggan (va droit en tobaganne),,LD1980;0317,kwi·šku-ap-i,,,V,V,sit straight (droit assis),,LD1980;0317,,,,,,In French.,,,MAM
381,York,FY2010,0087,moe,,mont1268,îlin-,C-I:1,,,,,,"common, like the others","common, like (others)",initial
382,York,FY2010,0088,moe,,mont1268,îš-,C-I:1,,,,,,this way/direction,"direction (this), way (this)",initial,RR
115,Drapeau,LD2011b,0501,moe,,mont1268,išêk-,C-I:1,,,,,,cliff,cliff,medial
116,Drapeau,LD2011b,"0493,0504",moe,,mont1268,iši-,C-I:1,,,,,,NG,,final,AI,,,,,,â-
383,York,FY2010,"0088,0089",moe,,mont1268,išk-,C-I:1,,,,,,tired,tired,initial
384,York,FY2010,0088,moe,,mont1268,îšpiš-,C-I:1,,,,,,"of such and such a measure/quantity/speed/grossness, at such and such a time","measure, quantity, size, speed, time, RELATIVE",initial,RR
245,Lambert-Bretiere,RLB2020,0103,moe,,mont1268,itash,C-I:Revised,,,,,,numerous,numerous,initial,,,,,,,,,,,,,,itash-i,,,V,AI,"to be so many, to be numerous",,RLB2020;0103,,,,,,,,,,,,,,,,,,,,,,,,,,,,,,,, 
385,York,FY2010,0087,moe,,mont1268,kacîtâw-,C-I:1,,,,,,"self-confident, mature","self-confident, mature",initial
118,Drapeau,LD1980,0319,moe,,mont1268,kai-,C-I:2,,,,,,axe,axe,final,,,CONCR,,,,,,,,,,,,,,,,,,,,,,,,,,,,,,,,,,,,,,,,,,,,,,,,In French.,,,MAM
39,Baraby et al,AMB_ET_AL2002,0003,moe,,mont1268,kanu-,C-I:Standard,,,,,,NG,,initial,,,,,,,,,,,,,,kanu-ashku-titsh-e-,,,V,AI,have big hands,,AMB_ET_AL2002;0003,kanu-apetsh-ishit-e-,,,V,AI,have long feet,,AMB_ET_AL2002;0003,,,,,,,,,,,,,,,,,,,,,,Double medial in example,,,,MAM
119,Drapeau,LD1980,0317,moe,,mont1268,kaš,C-I:2,,,,,,cooked,cooked,final,V,,CONCR,Y,PART,,,,,,,,,kwi·šku-kaš-i,,,V,V,cook right (cuit droit),,LD1980;0317,,,,,,,,,,,,,,,,,,,,,,,,,,,,,,In French.,,,MAM
386,York,FY2010,0087,moe,,mont1268,kâtsîmâ-,C-I:1,,,,,,ambush,ambush,initial
120,Drapeau,LD1980,0317,moe,,mont1268,ku,C-I:2,,,,,,suspend,suspend,final,V,,CONCR,Y,PART,,,,,,,,,kwi·šku-ku-ta·,,,V,V,hang right (suspend qqch droit),,LD1980;0317,pisti-ku-ta·-,,,V,V,hang by mistake (suspend par erreur),,LD1980;0319,,,,,,,,,,,,,,,,,,,,,,In French.,,,MAM
246,Lambert-Bretiere,RLB2020,0105,moe,,mont1268,kuishku,C-I:Revised,,,,,,straight,straight,initial,,,,,,,,,,,,,,kuishku-kute,,,V,AI,he is suspended straight,,RLB2020;0105,,,,,,,,,,,,,,,,,,,,,,,,,,,,,,,, 
387,York,FY2010,0017,moe,,mont1268,kukweti-,C-I:1,,,,,,probe,probe,initial
388,York,FY2010,0054,moe,,mont1268,kupitan-,C-I:1,,,,,,to discharge,discharge,initial,,,,,,,,,,,,,,,,,,,,,,,,,,,,,,,,,,,,,,,,,,,,,,,,,,,Complex initial
247,Lambert-Bretiere,RLB2020,0107,moe,,mont1268,kushiku,C-I:Revised,,,,,,heavy,heavy,initial,,,,,,,,,,,,,,kushiku-akunatsh-ish,,,V,AI,to be snow-heavy,,RLB2020;0107,,,,,,,,,,,,,,,,,,,,,,,,,,,,,,,, 
121,Drapeau,LD1980,0318,moe,,mont1268,kut,C-I:2,,,,,,dole out with crooked knife,"dole out, knife (crooked)",final,V,,CONCR,B,PART,,,,,,,,,kwi·šku-kut-am,,,V,V,dole out right with tongs (dole qqch droit au couteau croche),,LD1980;0318,pisti-kut-am-,,,V,V,dole out with tongs by mistake (dole au couteau croche par erreur),,LD1980;0319,,,,,,,,,,,,,,,,,,,,,,In French.,,,MAM
122,Drapeau,LD1980,0320,moe,,mont1268,kwa·m,C-I:2,,,,,,sleep,sleep,final,,,CONCR,,,,,,,,,,,,,,,,,,,,,,,,,,,,,,,,,,,,,,,,,,,,,,,,In French.
123,Drapeau,LD1980,0318,moe,,mont1268,kwa·t,C-I:2,,,,,,sew,sew,final,V,,CONCR,B,PART,,,,,,,,,kwi·šku-kwa·t-am,,,V,V,sew something right (coud qqch droit),,LD1980;0318,pisti-kwa·t-am-,,,V,V,sew by mistake (coud par erreur),,LD1980;0319,,,,,,,,,,,,,,,,,,,,,,In French.,,,MAM
389,York,FY2010,0045,moe,,mont1268,lâlewe-,C-I:1,,,,,,along the shore,along (shore)
390,York,FY2010,0083,moe,,mont1268,lalim-,C-I:1,,,,,,movement against the wind,movement (against wind),initial
124,Drapeau,LD2011b,0501,moe,,mont1268,macitêwê-,C-I:1,,,,,,long point,long point,initial
125,Drapeau,LD2011b,0503,moe,,mont1268,mak-,C-I:1,,,,,,big,big,initial
126,Drapeau,LD2011b,0499,moe,,mont1268,mamên-,C-I:1,,,,,,on and off,on and off,initial
40,Baraby et al,AMB_ET_AL2002,0002,moe,,mont1268,mamitsh-,C-I:Standard,,,,,,big,big,initial,,,,,,,,,,,,,,mamitsh-ashku-puam-e-,,,V,AI,have big thighs,,AMB_ET_AL2002;0002,,,,,,,,,,,,,,,,,,,,,,,,,,,,,,Called a root in the source; double medial,, ,GVM,MAM
248,Lambert-Bretiere,RLB2020,0102,moe,,mont1268,mashku,C-I:Revised,,,,,,hard,hard,initial,,,,,,,,,,,,,,mashku-shtikuan-e, ,,V,AI,to be hardheaded,,RLB2020;0102,mashku-e,,,,AI,to be hard,,RLB2020;0102,mashkhu-shtikuan-e-i,,,V,TA,to make someone stubborn,,RLB2020;0103,,,,,,,,,,,,,,,, 
186,Drapeau & Lambert-Bretiere,LD_RLB2011,0301,moe,,mont1268,matâ-,C-I:1,,,,,,arrive at,arrive,initial,,,,,,,,,,,,,,,,matâpê-,V,,to arrive at the shore,,LD_RLB2011;0301
127,Drapeau,LD1980,0319,moe,,mont1268,matsi-,C-I:2,,,,,,"wrong, bad","bad, wrong",initial,,,,,,,,,,,,,,,,,,,,,,,,,,,,,,,,,,,,,,,,,,,,,,,,,,,In French.
392,York,FY2010,0087,moe,,mont1268,matwe-,C-I:1,,,,,,audible,audible,initial
393,York,FY2010,0054,moe,,mont1268,mây-,C-I:1,,,,,,downstream,downstream,initial,,,,,,,,,,,,,,,,,,,,,,,,,,,,,,,,,,,,,,,,,,,,,,,,,,,Complex initial
394,York,FY2010,0087,moe,,mont1268,metinû-,C-I:1,,,,,,"slowly, gradually","gradually, slowly",initial
395,York,FY2010,0084,moe,,mont1268,micet-,C-I:1,,,,,,several,several,initial
128,Drapeau,LD2011b,0504,moe,,mont1268,milamw-,C-I:1,,,,,,damp,damp,initial
129,Drapeau,LD2011b,0506,moe,,mont1268,milu-,C-I:1,,,,,,good,good,initial
396,York,FY2010,0084,moe,,mont1268,miluskam-,C-I:1,,,,,,in spring,spring (N),initial
51,Denny,JPD1974,0340,moe,,mont1268,ministikw,C-I:3,,,,,,NG,,initial,,,,,,,,,,,,,,,,,,,,,,,,,,,,,,,,,,,,,,,,,,,,,,,,,,,"VMN: Likely means ""of islands"""
250,Lambert-Bretiere,RLB2020,0106,moe,,mont1268,minueńit,C-I:Revised,,,,,,like,like,initial,,,,,,,,,,,,,,minueńit-a,,,V,TI,to like,,RLB2020;0106,,,,,,,,,,,,,,,,,,,,,,,,,,,,,,,, 
52,Denny,JPD1974,0341,moe,,mont1268,minw,C-I:3,,,,,,NG,,initial,,,,,,,,,,mino,,,,,,,,,,,,,,,,,,,,,,,,,,,,,,,,,,,,,,,,,"VMN: likely means ""good"""
397,York,FY2010,0092,moe,,mont1268,mîš-,C-I:1,,,,,,defecate,defecate,initial
251,Lambert-Bretiere,RLB2020,0107,moe,,mont1268,mish,C-I:Revised,,,,,,big,big,initial,,,,,,,,,,,,,,mish-ipe-a,,,V,II,to be a high level of liquid,,RLB2020;0107,,,,,,,,,,,,,,,,,,,,,,,,,,,,,,,, 
53,Denny,JPD1974,0340,moe,,mont1268,misi,C-I:3,,,,,,NG,,initial,,,,,,,,,,,,,,,,,,,,,,,,,,,,,,,,,,,,,,,,,,,,,,,,,,,"VMN: Likely means ""big"""
398,York,FY2010,0087,moe,,mont1268,mišû-,C-I:1,,,,,,wary,wary,initial
252,Lambert-Bretiere,RLB2020,0107,moe,,mont1268,mitshim,C-I:Revised,,,,,,hold,hold,initial,,,,,,,,,,,,,,mitshim-apishk-ai,,,V,TI,to hold in place with a mineral object,,RLB2020;0107,,,,,,,,,,,,,,,,,,,,,,,,,,,,,,,, 
399,York,FY2010,0054,moe,,mont1268,mûšâ-,C-I:1,,,,,,out to sea,out (to sea),initial,,,,,,,,,,,,,,,,,,,,,,,,,,,,,,,,,,,,,,,,,,,,,,,,,,,Complex initial
400,York,FY2010,0087,moe,,mont1268,mweštât/š-,C-I:1,,,,,,"weary, bored","bored, weary",initial
130,Drapeau,LD1980,0319,moe,,mont1268,na·ku,C-I:2,,,,,,looks like,look like,final,,,CONCR,,,,,,,,,,,,,,,,,,,,,,,,,,,,,,,,,,,,,,,,,,,,,,,,In French.
401,York,FY2010,0097,moe,,mont1268,nâci-,C-I:1,,,,,,go towards (something/anything),go towards,initial
402,York,FY2010,0089,moe,,mont1268,nâm-,C-I:1,,,,,,spring action,action (spring),initial
131,Drapeau,LD2011b,0499,moe,,mont1268,nâmûn-,C-I:1,,,,,,downwind,downwind,initial
405,York,FY2010,0083,moe,,mont1268,nânatû-,C-I:1,,,,,,in search,in search,initial
406,York,FY2010,0087,moe,,mont1268,nâpew-,C-I:1,,,,,,virile,virile,initial
187,Drapeau & Lambert-Bretiere,LD_RLB2011,0301,moe,,mont1268,nâš-,C-I:1,,,,,,toward,toward,initial,,,,,,,,,,,,,,,,nâšipê-,V,,to go to the shore,,LD_RLB2011;0301
407,York,FY2010,"0054,0055",moe,,mont1268,nâsǐpe-,C-I:1,,,,,,"towards the water, the coast","towards (coast), towards (water)",initial,,,,,,,,,,,,,,nâšipe-,,,V,AI,vers l'eau,,FY2010;0054,nâšipe-tûte-,,,V,AI,vers l'eau avec quelquechose sur le dos,,FY2010;0055,,,,,,,,,,,,,,,,,,,,,,Complex initial
408,York,FY2010,0064,moe,,mont1268,nat-,C-I:1,,,,,,upstream,upstream,initial
409,York,FY2010,0054,moe,,mont1268,nâtakâ-,C-I:1,,,,,,to the shore,to (shore),initial,,,,,,,,,,nâtakâm-,,nâtakâš-,,,,,,,,,,,,,,,,,,,,,,,,,,,,,,,,,,,,,,,Complex initial
253,Lambert-Bretiere,RLB2020,0107,moe,,mont1268,natuai,C-I:Revised,,,,,,split,split,initial,,,,,,,,,,,,,,natuai-ashku-tita,,,V,AI,to split something long and rigid by movement,,RLB2020;0107,,,,,,,,,,,,,,,,,,,,,,,,,,,,,,,, 
411,York,FY2010,0087,moe,,mont1268,nekât-,C-I:1,,,,,,"slowly, painfully","painfully, slowly",initial
412,York,FY2010,0087,moe,,mont1268,nestw-,C-I:1,,,,,,sold out,sold out,initial
413,York,FY2010,0084,moe,,mont1268,new-,C-I:1,,,,,,four,four,initial
414,York,FY2010,0092,moe,,mont1268,nikamu-,C-I:1,,,,,,sing,sing,initial
415,York,FY2010,0016,moe,,mont1268,nimitâwessec-,C-I:1,,,,,,toward the center,toward (center),initial,,,,,,,,,,,,,,,,,,,,,,,,,,,,,,,,,,,,,,,,,,,,,,,,,,,complex initial'
255,Lambert-Bretiere,RLB2020,0103,moe,,mont1268,nip,C-I:Revised,,,,,,die,die,initial,,,,,,,,,,,,,,nip-i,,,V,AI,to be dead,,RLB2020;0103,,,,,,,,,,,,,,,,,,,,,,,,,,,,,,,, 
256,Lambert-Bretiere,RLB2020,0104,moe,,mont1268,nip,C-I:Revised,,,,,,NG,,initial,,,,,,,,,,,,,,,,,,,,,,,,,,,,,,,,,,,,,,,,,,,,,,,,,,,"used in ""'he dreams [state]'""",, 
416,York,FY2010,0005,moe,,mont1268,nîpâ-,C-I:1,,,,,,at night,night,initial
417,York,FY2010,0087,moe,,mont1268,nipâkwe-,C-I:1,,,,,,thirsty,thirsty,initial
419,York,FY2010,0084,moe,,mont1268,nîŝ-,C-I:1,,,,,,two,two,initial
420,York,FY2010,0055,moe,,mont1268,nist-,C-I:1,,,,,,ride a rapid,ride (a rapid),initial
421,York,FY2010,0084,moe,,mont1268,ništw-,C-I:1,,,,,,three,three,initial
422,York,FY2010,0056,moe,,mont1268,nûm-,C-I:1,,,,,,"partially, incompletely","incompletely, partially",initial,,,,,,,,,,,,,,nûm-i-škw-,,,V,TA,"il n'en revêt qu'une partie, le revêt incomplètement; il franchit une partie de la distance pour le rejoindre",,FY2010;0057
423,York,FY2010,0056,moe,,mont1268,nûte-,C-I:1,,,,,,not be able to complete,"complete, unable",initial,,,,,,,,,,,,,,nûte-kâm-e-pali-,,,V,AI,n'atteint pas l'autre côté d'un espace au vol; qqch n'atteint pas l'autre côté d'un espace,,FY2010;0056
424,York,FY2010,0087,moe,,mont1268,nûtime-,C-I:1,,,,,,without snowshoes,without (snowshoes),initial
258,Lambert-Bretiere,RLB2020,0107,moe,,mont1268,nutsh,C-I:Revised,,,,,,hunt,hunt,initial,,,,,,,,,,,,,,nutsh-atshakashu-e,,,V,AI,to hunt mink,,RLB2020;0107,,,,,,,,,,,,,,,,,,,,,,,,,,,,,,,, 
54,Denny,JPD1974,0342,moe,,mont1268,ošk,C-I:3,,,,,,NG,,initial,,,,,,,,,,,,,,,,,,,,,,,,,,,,,,,,,,,,,,,,,,,,,,,,,,,"VMN: likely means ""young"""
55,Denny,JPD1974,0342,moe,,mont1268,pa·sti,C-I:3,,,,,,NG,,initial,,,,,,,,,,,,,,,,,,,,,,,,,,,,,,,,,,,,,,,,,,,,,,,,,,,"VMN: likely means ""split"""
132,Drapeau,LD2011b,"0503,0504",moe,,mont1268,pakunê-,C-I:1,,,,,,have a hole,hole,initial
133,Drapeau,LD1980,0317,moe,,mont1268,pal,C-I:2,,,,,,move,move,final,V,,CONCR,Y,PART,,,,,,,,,kwi·šku-pal-i-,,,V,V,move straight (bouge droit),,LD1980;0317,pisti-pal-i-,,,V,V,move by mistake (bouge par mégarde),,LD1980;0319,,,,,,,,,,,,,,,,,,,,,,In French.,,,MAM
134,Drapeau,LD2011b,0504,moe,,mont1268,papakunê-,C-I:1,,,,,,have a hole,hole,initial
425,York,FY2010,0081,moe,,mont1268,papâm-,C-I:1,,,,,,non-directional movement,movement (non-directional),final,,Y
426,York,FY2010,0087,moe,,mont1268,pâšk-,C-I:1,,,,,,"visible, uncovered","uncovered, visible",initial
135,Drapeau,LD1980,0317,moe,,mont1268,pat,C-I:2,,,,,,motorized,motorized,final,V,,CONCR,Y,PART,,,,,,,,,kwi·šku-pat-a·,,,V,V,motorize right (motorisé droit),,LD1980;0317,pisti-pat-a·-,,,V,V,go the wrong way (se trompe de route),,LD1980;0319,,,,,,,,,,,,,,,,,,,,,,In French.,,,MAM
427,York,FY2010,0084,moe,,mont1268,patetat-,C-I:1,,,,,,five,five,initial
136,Drapeau,LD1980,0317,moe,,mont1268,pats·,C-I:2,,,,,,on a toboggan,on (toboggan),final,V,,CONCR,Y,PART,,,,,,,,,kwi·šku-pats·i,,,V,V,go in toboggan (va droit en tobaganne),,LD1980;0317,,,,,,,,,,,,,,,,,,,,,,,,,,,,,,In French.,,,MAM
428,York,FY2010,0084,moe,,mont1268,peyku-,C-I:1,,,,,,one,one,initial
56,Denny,JPD1974,0340,moe,,mont1268,pi·ciše·y,C-I:3,,,,,,NG,,initial,,,,,,,,,,,,,,,,,,,,,,,,,,,,,,,,,,,,,,,,,,,,,,,,,,,"VMN: Likely means ""foggy"""
57,Denny,JPD1974,0340,moe,,mont1268,pi·k,C-I:3,,,,,,NG,,initial,,,,,,,,,,,,,,,,,,,,,,,,,,,,,,,,,,,,,,,,,,,,,,,,,,,"VMN: Likely means ""turbid"""
58,Denny,JPD1974,0340,moe,,mont1268,pi·ne·kw,C-I:3,,,,,,NG,,initial,,,,,,,,,,,,,,,,,,,,,,,,,,,,,,,,,,,,,,,,,,,,,,,,,,,"VMN: Likely means ""scratchy bottom"""
259,Lambert-Bretiere,RLB2020,0108,moe,,mont1268,piku,C-I:Revised,,,,,,break,break,initial,,,,,,,,,,,,,,piku-sham-e,,,V,AI,to be broken snowshoes,,RLB2020;0108,,,,,,,,,,,,,,,,,,,,,,,,,,,,,,,, 
137,Drapeau,LD2011b,0503,moe,,mont1268,pîkw-,C-I:1,,,,,,broken,broken,initial
429,York,FY2010,"0080,0086,0104",moe,,mont1268,pim-,C-I:1,,,,,,non-directional movement,movement (non-directional),final
138,Drapeau,LD1980,0319,moe,,mont1268,pimi-,C-I:2,,,,,,"crooked, angled","angled, crooked",initial,,,,,,,,,,,,,,,,,,,,,,,,,,,,,,,,,,,,,,,,,,,,,,,,,,,In French.
139,Drapeau,LD2011b,0499,moe,,mont1268,pîputwê-,C-I:1,,,,,,blurred,blurred,medial,,,,,,,,,,,,,,,,,,,,,,,,,,,,,,,,,,,,,,,,,,,,,,,,,,,"Unclear if this is initial-medial, but seems most likely"
140,Drapeau,LD1980,"0315,0316",moe,,mont1268,pisti-,C-I:2,,,,,,by mistake,by mistake,initial,,,,,,,,,,,,,,pisti-pali-,,,V,V,move by accident (bouge par mégarde),,LD1980;0316,pisti-puta·-,,,V,TI,saw something by mistake (scie qque chose par erreur),,LD1980;0316,pisti-pat-a·-,,,V,V,go the wrong way (se trompe de route),,LD1980;0319,pisti-pal-i-,,,V,V,move by mistake (bouge par mégarde),,LD1980;0319,,,,,,In French.,,,MAM
430,York,FY2010,"0055,0071",moe,,mont1268,pît-,C-I:1,,,,,,enter,enter,initial,,,,,,,,,,pîc-,,,,pît-âwk-âštan-,,,V,II,le sable pénètre avec le vent,,FY2010;0055
260,Lambert-Bretiere,RLB2020,0103,moe,,mont1268,pita,C-I:Revised,,,,,,thin,thin,initial,,,,,,,,,,,,,,pita-u,,,V,TA,to thin something (animate),,RLB2020;0103,,,,,,,,,,,,,,,,,,,,,,,,,,,,,,,, 
431,York,FY2010,0056,moe,,mont1268,pîtû-,C-I:1,,,,,,stacked,stacked,initial,,,,,,,,,,,,,,pîtû-pec-i-tâpe-,,,V,AI,il arrive à du frasil sur le lac en traînant qqch derrière lui,,FY2010;0056,,,,,,,,,,,,,,,,,,,,,,,,,,,,Y,pîtwâw
432,York,FY2010,0054,moe,,mont1268,pîtute-,C-I:1,,,,,,inside,inside,initial,,,,,,,,,,,,,,,,,,,,,,,,,,,,,,,,,,,,,,,,,,,,,,,,,,,Complex initial
433,York,FY2013,n/a,moe,,mont1268,pîtwâw-,C-I:1,,,,,,smoke,smoke,initial
434,York,FY2010,0093,moe,,mont1268,pîw-,C-I:1,,,,,,scattered,scattered,initial
141,Drapeau,LD1980,0317,moe,,mont1268,pu,C-I:2,,,,,,saw,saw,final,V,,CONCR,Y,PART,,,,,,,,,kwi·šku-pu-ta·,,,V,V,saw something right (scie qqch droit),,LD1980;0317,pisti-pu-ta·-,,,V,V,saw by mistake (scie par erreur),,LD1980;0319,,,,,,,,,,,,,,,,,,,,,,In French.,,,MAM
142,Drapeau,LD1980,0318,moe,,mont1268,š,C-I:2,,,,,,cut,cut,final,V,,CONCR,B,PART,,,,,,,,,kwi·šku-š-am,,,V,V,cut something right (coupe qqch droit),,LD1980;0318,pisti-š-am-,,,V,V,cut by mistake (coupe par erreur),,LD1980;0319,,,,,,,,,,,,,,,,,,,,,,In French.,,,MAM
59,Denny,JPD1974,0340,moe,,mont1268,ša·po·,C-I:3,,,,,,NG,,initial,,,,,,,,,,,,,,,,,,,,,,,,,,,,,,,,,,,,,,,,,,,,,,,,,,,"VMN: Likely means ""through-way"""
435,York,FY2010,0088,moe,,mont1268,šâkût/c-,C-I:1,,,,,,succeed,succeed,initial
436,York,FY2010,0044,moe,,mont1268,šâš-,C-I:1,,,,,,surge,surge,initial
60,Denny,JPD1974,0342,moe,,mont1268,še·k,C-I:3,,,,,,"rocky outcropping, rocky hill","hill (rocky), outcropping (rocky)",medial,,,,,,,,,,še·c
261,Lambert-Bretiere,RLB2020,0105,moe,,mont1268,shakutsh,C-I:Revised,,,,,,split,split,initial,,,,,,,,,,,,,,shakutsh-ikau,,,V,TA,to split with an ax,,RLB2020;0105,,,,,,,,,,,,,,,,,,,,,,,,,,,,,,,, 
262,Lambert-Bretiere,RLB2020,0108,moe,,mont1268,shishu,C-I:Revised,,,,,,cover with,cover (V),initial,,,,,,,,,,,,,,shishu-ńushkuauatsh-in,,,V,TA,to cover with flour by hand,,RLB2020;0108,,,,,,,,,,,,,,,,,,,,,,,,,,,,,,,, 
143,Drapeau,LD2011b,0504,moe,,mont1268,ši-,C-I:1,,,,,,NG,,final,AI
61,Denny,JPD1974,0342,moe,,mont1268,ši·t,C-I:3,,,,,,NG,,initial,,,,,,,,,,,,,,,,,,,,,,,,,,,,,,,,,,,,,,,,,,,,,,,,,,,"VMN: likely means ""tight distribution"""
144,Drapeau,LD2011b,0504,moe,,mont1268,šiku-,C-I:1,,,,,,ice,ice,medial,INCORP
437,York,FY2010,0084,moe,,mont1268,šîkun-,C-I:1,,,,,,snowmelt,snowmelt,initial
146,Drapeau,LD1980,0317,moe,,mont1268,šin,C-I:2,,,,,,extended,extended,final,V,,CONCR,Y,PART,,,,,,,,,kwi·šku-šin,,,V,V,extend straight (droit étendu),,LD1980;0317,pisti-šin-,,,V,V,extend by mistake (étendu par erreur),,LD1980;0319,,,,,,,,,,,,,,,,,,,,,,In French.,,,MAM
438,York,FY2010,0092,moe,,mont1268,šîšî-,C-I:1,,,,,,urinate,urinate,initial
439,York,FY2010,0087,moe,,mont1268,šît-,C-I:1,,,,,,"cramped, tight, compressed","compressed, cramped, tight",initial
147,Drapeau,LD1980,0319,moe,,mont1268,špuku,C-I:2,,,,,,taste,taste,final,,,CONCR,,,,,,,,,,,,,,,,,,,,,,,,,,,,,,,,,,,,,,,,,,,,,,,,In French.
149,Drapeau,LD1980,0320,moe,,mont1268,stai,C-I:2,,,,,,sew sth. in place,sew,final,,,CONCR,,,,,,,,,,,,,,,,,,,,,,,,,,,,,,,,,,,,,,,,,,,,,,,,In French.
151,Drapeau,LD1980,0317,moe,,mont1268,t,C-I:2,,,,,,walk,walk,final,V,,CONCR,Y,PART,,,,,,,,,kwi·šku-t-e·,,,V,V,walk straight (marche droit),,LD1980;0317,,,,,,,,,,,,,,,,,,,,,,,,,,,,,,In French.,,,MAM
152,Drapeau,LD1980,0317,moe,,mont1268,ta·,C-I:2,,,,,,NG,,final,V,,ABSTR,Y,PART,,,,,,,,,kwi·šku-ku-ta·,,,V,V,hang right (suspend qqch droit),,LD1980;0317,kwi·šku-pu-ta·,,,V,V,saw something right (scie qqch droit),,LD1980;0317,pisti-pu-ta·-,,,V,V,saw by mistake (scie par erreur),,LD1980;0319,pisti-ku-ta·-,,,V,V,hang by mistake (suspend par erreur),,LD1980;0319,,,,,,In French.,,,MAM
153,Drapeau,LD1980,0320,moe,,mont1268,ta·ku,C-I:2,,,,,,voice,voice,final,,,CONCR,,,,,,,,,,,,,,,,,,,,,,,,,,,,,,,,,,,,,,,,,,,,,,,,In French.
154,Drapeau,LD2011b,0504,moe,,mont1268,tak-,C-I:1,,,,,,dry wood,wood (dry),medial,INCORP
62,Denny,JPD1974,0340,moe,,mont1268,takota·wi,C-I:3,,,,,,NG,,initial,,,,,,,,,,,,,,,,,,,,,,,,,,,,,,,,,,,,,,,,,,,,,,,,,,,"VMN: Likely means ""summit"""
263,Lambert-Bretiere,RLB2020,0104,moe,,mont1268,takushi,C-I:Revised,,,,,,NG,,initial,,,,,,,,,,,,,,,,,,,,,,,,,,,,,,,,,,,,,,,,,,,,,,,,,,,"used in ""'he arrives' [event]""",, 
440,York,FY2010,0004,moe,,mont1268,taškam-,C-I:1,,,,,,from one side to the other,"edge, side",initial
441,York,FY2010,0084,moe,,mont1268,tatu-,C-I:1,,,,,,"so much, so many","many, much, RELATIVE, QUANTITY",initial
442,York,FY2010,0087,moe,,mont1268,tatwe-,C-I:1,,,,,,noisy,noisy,initial
188,Drapeau & Lambert-Bretiere,LD_RLB2011,0301,moe,,mont1268,tâw-,C-I:1,,,,,,in the middle,middle,initial,,,,,,,,,,,,,,,,tâwâpêkaycê-,V,,to play music,,LD_RLB2011;0301
443,York,FY2010,0084,moe,,mont1268,tsetsišep-,C-I:1,,,,,,morning,morning,initial
264,Lambert-Bretiere,RLB2020,0107,moe,,mont1268,tshinu,C-I:Revised,,,,,,long,long,initial,,,,,,,,,,,,,,tshinu-apek-an,,,V,II,to be stringlike-long,,RLB2020;0107,,,,,,,,,,,,,,,,,,,,,,,,,,,,,,,, 
444,York,FY2010,0087,moe,,mont1268,tsîmût-,C-I:1,,,,,,"in secret, on the sly","on the sly, secret",initial
445,York,FY2010,0087,moe,,mont1268,tsiškâ-,C-I:1,,,,,,in a hurry,hurry,initial
155,Drapeau,LD1980,0320,moe,,mont1268,tsukù,C-I:2,,,,,,flow,flow,final,,,CONCR,,,,,,,,,,,,,,,,,,,,,,,,,,,,,,,,,,,,,,,,,,,,,,,,In French.
157,Drapeau,LD1980,0317,moe,,mont1268,u,C-I:2,,,,,,NG,,final,V,,ABSTR,Y,PART,,,,,,,,,kwi·šku-am-u,,,V,V,install right (installé droit),,LD1980;0317,pisti-am-u-,,,V,V,install by error (installé par erreur),,LD1980;0319,,,,,,,,,,,,,,,,,,,,,,In French.,,,MAM
158,Drapeau,LD1980,0317,moe,,mont1268,u·,C-I:2,,,,,,NG,,final,V,,ABSTR,Y,PART,,,,,,,,,kwi·šku-ka·p-u·,,,V,V,stand straight (droit debout),,LD1980;0317,pisti-ka·p-u·-,,,V,V,stand (self) by mistake (se met debout par erreur),,LD1980;0319,,,,,,,,,,,,,,,,,,,,,,In French.,,,MAM
265,Lambert-Bretiere,RLB2020,0108,moe,,mont1268,uak,C-I:Revised,,,,,,bend,bend,initial,,,,,,,,,,,,,,,,,V,AI,to be crooked fingers,uak-ashku-titsh-e,RLB2020;0108,,,,,,,,,,,,,,,,,,,,,,,,,,,,,,,, 
41,Baraby et al,AMB_ET_AL2002,0003,moe,,mont1268,uishau-,C-I:Standard,,,,,,yellow,yellow,initial,,,,,,,,,,,,,,uishau-ashku-apit-e-,,,V,AI,have yellow teeth,,AMB_ET_AL2002;0003,,,,,,,,,,,,,,,,,,,,,,,,,,,,,,,,,,MAM
266,Lambert-Bretiere,RLB2020,0105,moe,,mont1268,uishtimu,C-I:Revised,,,,,,dog,dog,initial,,,,,,,,,,,,,,uishtimu-kan ,,,V,II,it smells like a dog,,RLB2020;0105,,,,,,,,,,,,,,,,,,,,,,,,,,,,,,,, 
446,York,FY2010,0054,moe,,mont1268,ûlwî-,C-I:1,,,,,,go to,go (to),initial,,,,,,,,,,,,,,ûluî-,,,V,AI,sortir,,FY2010;0054,ûlwî-patâ-,,,V,AI,sortir en courant,,FY2010;0055,ûlwi-ti-kašu-,,,V,AI,sortir à cause de la chaleur,,FY2010;0067,,,,,,,,,,,,,,Complex initial
447,York,FY2010,0088,moe,,mont1268,ûn-,C-I:1,,,,,,make a mistake,make (mistake),initial
159,Drapeau,LD2011b,0506,moe,,mont1268,usê-,C-I:1,,,,,,ridge shape,ridge shape,initial
448,York,FY2010,0055,moe,,mont1268,uškwe-,C-I:1,,,,,,veer off course,veer,initial
449,York,FY2010,0054,moe,,mont1268,ustâtsî-,C-I:1,,,,,,move aside,move (aside),initial,,,,,,,,,,,,,,,,,,,,,,,,,,,,,,,,,,,,,,,,,,,,,,,,,,,Complex initial
267,Lambert-Bretiere,RLB2020,0103,moe,,mont1268,ut,C-I:Revised,,,,,,take,take,initial,,,,,,,,,,,,,,ut-in,,,V,TA,to take something (animate),,RLB2020;0103,,,,,,,,,,,,,,,,,,,,,,,,,,,,,,,, 
450,York,FY2010,0084,moe,,mont1268,utâku-,C-I:1,,,,,,at dusk,dusk,initial
451,York,FY2010,0087,moe,,mont1268,utam-,C-I:1,,,,,,"delayed, hindered","delayed, hindered",initial
160,Drapeau,LD2011b,0499,moe,,mont1268,ûtân-,C-I:1,,,,,,to rain,rain (V),final,II
452,York,FY2010,0056,moe,,mont1268,utit-,C-I:1,,,,,,reach,reach,initial,,,,,,,,,,utic-,,,,utit-â-šku-pici-,,,V,AI,il parvient à tel endroit sur la glace en traînant son toboggan,,FY2010;0056
63,Denny,JPD1974,0340,moe,,mont1268,wa·ce·,C-I:3,,,,,,NG,,initial,,,,,,,,,,,,,,,,,,,,,,,,,,,,,,,,,,,,,,,,,,,,,,,,,,,"VMN: Likely means ""bent"""
64,Denny,JPD1974,0340,moe,,mont1268,wa·še·,C-I:3,,,,,,NG,,initial,,,,,,,,,,,,,,,,,,,,,,,,,,,,,,,,,,,,,,,,,,,,,,,,,,,"VMN: Likely means ""clear"""
161,Drapeau,LD1980,0320,moe,,mont1268,wa·wa·tsi-,C-I:2,,,,,,all crooked,crooked,initial,,Y,,,,,,,,,,,,,,,,,,,,,,,,,,,,,,,,,,,,,,,,,,,,,,,,,In French.
454,York,FY2010,0045,moe,,mont1268,wâk-,C-I:1,,,,,,curved,curved,initial
189,Drapeau & Lambert-Bretiere,LD_RLB2011,0301,moe,,mont1268,wâp-,C-I:1,,,,,,white,white,initial,,,,,,,,,,,,,,,,wâpêkay-,V,,to do the laundry,,LD_RLB2011;0301
455,York,FY2010,0084,moe,,mont1268,wâpan-,C-I:1,,,,,,at dawn,dawn,initial
162,Drapeau,LD2011b,0501,moe,,mont1268,wâš-,C-I:1,,,,,,bay shape,bay shape,initial
163,Drapeau,LD2011b,0500,moe,,mont1268,wêp-,C-I:1,,,,,,away,away,initial
456,York,FY2010,"0056,0057",moe,,mont1268,wesâm-,C-I:1,,,,,,too,too,initial,,,,,,,,,,,,,,wešâm-i-patâ-,,,V,AI,"il va trop loin en courant, en véhicule à roues",,FY2010;0057
164,Drapeau,LD2011a,0061,moe,,mont1268,wîci- -m,C-I:1,,,,,,applicative,APPLICATIVE,final,TA,,,Y,AI,,,,,,,,,,,,,,,,,,,,,,,,,,,,,,,,,,,,,,,,,,,,,,comitative,, 
457,York,FY2010,"0089,0098",moe,,mont1268,wîtsâwî-,C-I:1,,,,,,run,run,initial
